{"resourceType":"ImplementationGuide","id":"openhie.fhir.zambia-immunizations","text":{"status":"generated","div":"<div xmlns=\"http://www.w3.org/1999/xhtml\"><p class=\"res-header-id\"><b>Generated Narrative: ImplementationGuide openhie.fhir.zambia-immunizations</b></p><a name=\"openhie.fhir.zambia-immunizations\"> </a><a name=\"hcopenhie.fhir.zambia-immunizations\"> </a><a name=\"hcopenhie.fhir.zambia-immunizations-en-US\"> </a><h2>ZambiaImmunizationsIG</h2><p>The official URL for this implementation guide is: </p><pre>http://openhie.org/fhir/zambia-immunizations/ImplementationGuide/openhie.fhir.zambia-immunizations</pre><div><p>Zambia Immunizations FHIR Implementation Guide.</p>\n</div></div>"},"url":"http://openhie.org/fhir/zambia-immunizations/ImplementationGuide/openhie.fhir.zambia-immunizations","version":"1.0.0","name":"ZambiaImmunizationsIG","title":"Zambia Immunizations FHIR Implementation Guide","status":"active","date":"2024-01-30","publisher":"Ministry of Health","contact":[{"name":"Ministry of Health","telecom":[{"system":"url","value":"https://www.moh.gov.zm"},{"system":"email","value":"info@moh.gov.zm"}]},{"name":"Chisanga Louis Siwale","telecom":[{"system":"email","value":"chisanga.siwale@moh.gov.zm","use":"work"}]}],"description":"Zambia Immunizations FHIR Implementation Guide.","jurisdiction":[{"coding":[{"system":"http://unstats.un.org/unsd/methods/m49/m49.htm","code":"001","display":"World"}]}],"packageId":"openhie.fhir.zambia-immunizations","license":"CC0-1.0","fhirVersion":["5.0.0"],"dependsOn":[{"id":"hl7tx","extension":[{"url":"http://hl7.org/fhir/tools/StructureDefinition/implementationguide-dependency-comment","valueMarkdown":"Automatically added as a dependency - all IGs depend on HL7 Terminology"}],"uri":"http://terminology.hl7.org/ImplementationGuide/hl7.terminology","packageId":"hl7.terminology.r5","version":"6.0.2"},{"id":"hl7ext","extension":[{"url":"http://hl7.org/fhir/tools/StructureDefinition/implementationguide-dependency-comment","valueMarkdown":"Automatically added as a dependency - all IGs depend on the HL7 Extension Pack"}],"uri":"http://hl7.org/fhir/extensions/ImplementationGuide/hl7.fhir.uv.extensions","packageId":"hl7.fhir.uv.extensions.r5","version":"5.1.0"}],"definition":{"extension":[{"url":"http://hl7.org/fhir/tools/StructureDefinition/ig-internal-dependency","valueCode":"hl7.fhir.uv.tools#0.1.0"}],"grouping":[{"id":"-str-profile","name":"Structures: Resource Profiles","description":"These define constraints on FHIR resources for systems conforming to this implementation guide."},{"id":"-str-extension","name":"Structures: Extension Definitions","description":"These define constraints on FHIR data types for systems conforming to this implementation guide."},{"id":"-term-valueset","name":"Terminology: Value Sets","description":"These define sets of codes used by systems conforming to this implementation guide."},{"id":"-term-codesystem","name":"Terminology: Code Systems","description":"These define new code systems used by systems conforming to this implementation guide."},{"id":"-map-structuremap","name":"Terminology: Structure Maps","description":"These define transformations to convert between data structures used by systems conforming to this implementation guide."},{"id":"-map-conceptmap","name":"Terminology: Concept Maps","description":"These define transformations to convert between codes by systems conforming with this implementation guide."},{"id":"-ex-example","name":"Example: Example Instances","description":"These are example instances that show what data produced and consumed by systems conforming with this implementation guide might look like."}],"resource":[{"extension":[{"url":"http://hl7.org/fhir/tools/StructureDefinition/resource-sort","valueInteger":999999999},{"url":"http://hl7.org/fhir/StructureDefinition/implementationguide-page","valueUri":"StructureDefinition-covax-immunization-patient.html"}],"reference":{"reference":"StructureDefinition/covax-immunization-patient"},"name":"COVAX Immunization Patient","description":"Patient profile for Covax use case","isExample":false,"groupingId":"-str-profile"},{"extension":[{"url":"http://hl7.org/fhir/tools/StructureDefinition/resource-sort","valueInteger":999999999},{"url":"http://hl7.org/fhir/StructureDefinition/implementationguide-page","valueUri":"StructureDefinition-covax-observation.html"}],"reference":{"reference":"StructureDefinition/covax-observation"},"name":"COVAX Observation","description":"Profile for capturing observations during vaccination","isExample":false,"groupingId":"-str-profile"},{"extension":[{"url":"http://hl7.org/fhir/tools/StructureDefinition/resource-sort","valueInteger":999999999},{"url":"http://hl7.org/fhir/StructureDefinition/implementationguide-page","valueUri":"StructureDefinition-covid19-vaccine-medication.html"}],"reference":{"reference":"StructureDefinition/covid19-vaccine-medication"},"name":"COVID-19 Vaccine Medication","description":"A profile for COVID-19 vaccine medications","isExample":false,"groupingId":"-str-profile"},{"extension":[{"url":"http://hl7.org/fhir/tools/StructureDefinition/resource-sort","valueInteger":999999999},{"url":"http://hl7.org/fhir/StructureDefinition/implementationguide-page","valueUri":"StructureDefinition-chief-at-birth-relation-to-patient.html"}],"reference":{"reference":"StructureDefinition/chief-at-birth-relation-to-patient"},"name":"Chief at Birth","description":"Patient's chief at birth.","isExample":false,"groupingId":"-str-profile"},{"extension":[{"url":"http://hl7.org/fhir/tools/StructureDefinition/resource-sort","valueInteger":999999999},{"url":"http://hl7.org/fhir/StructureDefinition/implementationguide-page","valueUri":"StructureDefinition-father-relation-to-patient.html"}],"reference":{"reference":"StructureDefinition/father-relation-to-patient"},"name":"Father Relation to Patient","description":"The patient's father.","isExample":false,"groupingId":"-str-profile"},{"extension":[{"url":"http://hl7.org/fhir/tools/StructureDefinition/resource-sort","valueInteger":999999999},{"url":"http://hl7.org/fhir/StructureDefinition/implementationguide-page","valueUri":"StructureDefinition-generic-social-history-observation-profile.html"}],"reference":{"reference":"StructureDefinition/generic-social-history-observation-profile"},"name":"Generic Observation Profile","description":"This profile acts as a base profile from which more observation profiles can be derived.","isExample":false,"groupingId":"-str-profile"},{"extension":[{"url":"http://hl7.org/fhir/tools/StructureDefinition/resource-sort","valueInteger":999999999},{"url":"http://hl7.org/fhir/StructureDefinition/implementationguide-page","valueUri":"StructureDefinition-immunization-patient.html"}],"reference":{"reference":"StructureDefinition/immunization-patient"},"name":"Generic Patient Profile for Immunizations","description":"Is used to document demographics and other administrative information about an individual receiving care or other health-related services.","isExample":false,"groupingId":"-str-profile"},{"extension":[{"url":"http://hl7.org/fhir/tools/StructureDefinition/resource-sort","valueInteger":999999999},{"url":"http://hl7.org/fhir/StructureDefinition/implementationguide-page","valueUri":"StructureDefinition-vaccine-administration.html"}],"reference":{"reference":"StructureDefinition/vaccine-administration"},"name":"Generic Vaccine Administration Profile","description":"Records the vaccine administered to the patient.","isExample":false,"groupingId":"-str-profile"},{"extension":[{"url":"http://hl7.org/fhir/tools/StructureDefinition/resource-sort","valueInteger":999999999},{"url":"http://hl7.org/fhir/StructureDefinition/implementationguide-page","valueUri":"StructureDefinition-guardian-occupation.html"}],"reference":{"reference":"StructureDefinition/guardian-occupation"},"name":"Guardian Occupation","description":"Records the current occupation for the guardian","isExample":false,"groupingId":"-str-profile"},{"extension":[{"url":"http://hl7.org/fhir/tools/StructureDefinition/resource-sort","valueInteger":999999999},{"url":"http://hl7.org/fhir/StructureDefinition/implementationguide-page","valueUri":"StructureDefinition-guardian-relation-to-patient.html"}],"reference":{"reference":"StructureDefinition/guardian-relation-to-patient"},"name":"Guardian Relation to Patient Profile","description":"A guardian to the patient.","isExample":false,"groupingId":"-str-profile"},{"extension":[{"url":"http://hl7.org/fhir/tools/StructureDefinition/resource-sort","valueInteger":999999999},{"url":"http://hl7.org/fhir/StructureDefinition/implementationguide-page","valueUri":"StructureDefinition-hpv-full-bundle.html"}],"reference":{"reference":"StructureDefinition/hpv-full-bundle"},"name":"HPV Full Bundle","description":"This bundle contains all of the HPV resources.","isExample":false,"groupingId":"-str-profile"},{"extension":[{"url":"http://hl7.org/fhir/tools/StructureDefinition/resource-sort","valueInteger":999999999},{"url":"http://hl7.org/fhir/StructureDefinition/implementationguide-page","valueUri":"StructureDefinition-hpv-immunization.html"}],"reference":{"reference":"StructureDefinition/hpv-immunization"},"name":"HPV Immunization","description":"Records the vaccine administered to the patient.","isExample":false,"groupingId":"-str-profile"},{"extension":[{"url":"http://hl7.org/fhir/tools/StructureDefinition/resource-sort","valueInteger":999999999},{"url":"http://hl7.org/fhir/StructureDefinition/implementationguide-page","valueUri":"StructureDefinition-hpv-immunocomprommised.html"}],"reference":{"reference":"StructureDefinition/hpv-immunocomprommised"},"name":"HPV Immunocomprommised","description":"This is to document whether the patient is immunocompromised.","isExample":false,"groupingId":"-str-profile"},{"extension":[{"url":"http://hl7.org/fhir/tools/StructureDefinition/resource-sort","valueInteger":999999999},{"url":"http://hl7.org/fhir/StructureDefinition/implementationguide-page","valueUri":"StructureDefinition-hpv-vaccine-details.html"}],"reference":{"reference":"StructureDefinition/hpv-vaccine-details"},"name":"HPV Vaccine Details","description":"Records the batch number for the vaccine.","isExample":false,"groupingId":"-str-profile"},{"extension":[{"url":"http://hl7.org/fhir/tools/StructureDefinition/resource-sort","valueInteger":999999999},{"url":"http://hl7.org/fhir/StructureDefinition/implementationguide-page","valueUri":"StructureDefinition-healthcare-service-provider.html"}],"reference":{"reference":"StructureDefinition/healthcare-service-provider"},"name":"Healthcare Service Provider Profile","description":"An organization that provides healthcare services.","isExample":false,"groupingId":"-str-profile"},{"extension":[{"url":"http://hl7.org/fhir/tools/StructureDefinition/resource-sort","valueInteger":999999999},{"url":"http://hl7.org/fhir/StructureDefinition/implementationguide-page","valueUri":"StructureDefinition-patient-educational-level.html"}],"reference":{"reference":"StructureDefinition/patient-educational-level"},"name":"Highest education level attained","description":"A patient's highest education level attained","isExample":false,"groupingId":"-str-profile"},{"extension":[{"url":"http://hl7.org/fhir/tools/StructureDefinition/resource-sort","valueInteger":999999999},{"url":"http://hl7.org/fhir/StructureDefinition/implementationguide-page","valueUri":"StructureDefinition-medical-insurance.html"}],"reference":{"reference":"StructureDefinition/medical-insurance"},"name":"Insurance or Medical Plan","description":"Insurance or medical plan details","isExample":false,"groupingId":"-str-profile"},{"extension":[{"url":"http://hl7.org/fhir/tools/StructureDefinition/resource-sort","valueInteger":999999999},{"url":"http://hl7.org/fhir/StructureDefinition/implementationguide-page","valueUri":"StructureDefinition-medical-insurance-company.html"}],"reference":{"reference":"StructureDefinition/medical-insurance-company"},"name":"Medical Insurance Company","description":"A company that provides insurance to its subscribers that may include healthcare related policies.","isExample":false,"groupingId":"-str-profile"},{"extension":[{"url":"http://hl7.org/fhir/tools/StructureDefinition/resource-sort","valueInteger":999999999},{"url":"http://hl7.org/fhir/StructureDefinition/implementationguide-page","valueUri":"StructureDefinition-mother-relation-to-patient.html"}],"reference":{"reference":"StructureDefinition/mother-relation-to-patient"},"name":"Mother Relation to Patient","description":"The patient's mother.","isExample":false,"groupingId":"-str-profile"},{"extension":[{"url":"http://hl7.org/fhir/tools/StructureDefinition/resource-sort","valueInteger":999999999},{"url":"http://hl7.org/fhir/StructureDefinition/implementationguide-page","valueUri":"StructureDefinition-hpv-immunization-patient.html"}],"reference":{"reference":"StructureDefinition/hpv-immunization-patient"},"name":"Patient Profile for HPV Immunizations","description":"Is used to document demographics and other administrative information about an individual receiving care or other health-related services.","isExample":false,"groupingId":"-str-profile"},{"extension":[{"url":"http://hl7.org/fhir/tools/StructureDefinition/resource-sort","valueInteger":999999999},{"url":"http://hl7.org/fhir/StructureDefinition/implementationguide-page","valueUri":"StructureDefinition-smartcare-immunization-patient.html"}],"reference":{"reference":"StructureDefinition/smartcare-immunization-patient"},"name":"Patient Profile for Smartcare Immunizations","description":"Is used to document demographics and other administrative information about an individual receiving care or other health-related services.","isExample":false,"groupingId":"-str-profile"},{"extension":[{"url":"http://hl7.org/fhir/tools/StructureDefinition/resource-sort","valueInteger":999999999},{"url":"http://hl7.org/fhir/StructureDefinition/implementationguide-page","valueUri":"StructureDefinition-date-patient-first-married.html"}],"reference":{"reference":"StructureDefinition/date-patient-first-married"},"name":"Patient's Date of First Marriage","description":"Records the date when the patient was first married","isExample":false,"groupingId":"-str-profile"},{"extension":[{"url":"http://hl7.org/fhir/tools/StructureDefinition/resource-sort","valueInteger":999999999},{"url":"http://hl7.org/fhir/StructureDefinition/implementationguide-page","valueUri":"StructureDefinition-patient-home-language.html"}],"reference":{"reference":"StructureDefinition/patient-home-language"},"name":"Patient's Home Language","description":"Records the home language for the patient","isExample":false,"groupingId":"-str-profile"},{"extension":[{"url":"http://hl7.org/fhir/tools/StructureDefinition/resource-sort","valueInteger":999999999},{"url":"http://hl7.org/fhir/StructureDefinition/implementationguide-page","valueUri":"StructureDefinition-relation-to-patient.html"}],"reference":{"reference":"StructureDefinition/relation-to-patient"},"name":"Relation to Patient Profile","description":"This profile acts as a base profile from which more specific RelatedPerson profiles can be derived.","isExample":false,"groupingId":"-str-profile"},{"extension":[{"url":"http://hl7.org/fhir/tools/StructureDefinition/resource-sort","valueInteger":999999999},{"url":"http://hl7.org/fhir/StructureDefinition/implementationguide-page","valueUri":"StructureDefinition-relative-relation-to-patient.html"}],"reference":{"reference":"StructureDefinition/relative-relation-to-patient"},"name":"Relative Relation to Patient","description":"The patient's relative.","isExample":false,"groupingId":"-str-profile"},{"extension":[{"url":"http://hl7.org/fhir/tools/StructureDefinition/resource-sort","valueInteger":999999999},{"url":"http://hl7.org/fhir/StructureDefinition/implementationguide-page","valueUri":"StructureDefinition-smartcare-full-bundle.html"}],"reference":{"reference":"StructureDefinition/smartcare-full-bundle"},"name":"Smartcare Full Bundle","description":"This bundle contains all of the Smartcare resources.","isExample":false,"groupingId":"-str-profile"},{"extension":[{"url":"http://hl7.org/fhir/tools/StructureDefinition/resource-sort","valueInteger":999999999},{"url":"http://hl7.org/fhir/StructureDefinition/implementationguide-page","valueUri":"StructureDefinition-spouse-occupation.html"}],"reference":{"reference":"StructureDefinition/spouse-occupation"},"name":"Spouse Occupation","description":"Records the current occupation for the spouse","isExample":false,"groupingId":"-str-profile"},{"extension":[{"url":"http://hl7.org/fhir/tools/StructureDefinition/resource-sort","valueInteger":999999999},{"url":"http://hl7.org/fhir/StructureDefinition/implementationguide-page","valueUri":"StructureDefinition-spouse-relation-to-patient.html"}],"reference":{"reference":"StructureDefinition/spouse-relation-to-patient"},"name":"Spouse Relation to Patient","description":"The husband or wife, considered in relation to the patient.","isExample":false,"groupingId":"-str-profile"},{"extension":[{"url":"http://hl7.org/fhir/tools/StructureDefinition/resource-sort","valueInteger":999999999},{"url":"http://hl7.org/fhir/StructureDefinition/implementationguide-page","valueUri":"StructureDefinition-target-facility-encounter.html"}],"reference":{"reference":"StructureDefinition/target-facility-encounter"},"name":"Target Facility Encounter","description":"Represents the current facility at which the patient is receiving health services.","isExample":false,"groupingId":"-str-profile"},{"extension":[{"url":"http://hl7.org/fhir/tools/StructureDefinition/resource-sort","valueInteger":999999999},{"url":"http://hl7.org/fhir/StructureDefinition/implementationguide-page","valueUri":"StructureDefinition-underlying-condition.html"}],"reference":{"reference":"StructureDefinition/underlying-condition"},"name":"Underlying Condition","description":"Condition profile for capturing specific underlying conditions","isExample":false,"groupingId":"-str-profile"},{"extension":[{"url":"http://hl7.org/fhir/tools/StructureDefinition/resource-sort","valueInteger":999999999},{"url":"http://hl7.org/fhir/StructureDefinition/implementationguide-page","valueUri":"StructureDefinition-hpv-vaccination-site-type.html"}],"reference":{"reference":"StructureDefinition/hpv-vaccination-site-type"},"name":"Vaccination site type in HPV","description":"Indicates whether the vaccination was administered at the facility or at an outreach post.","isExample":false,"groupingId":"-str-profile"},{"extension":[{"url":"http://hl7.org/fhir/tools/StructureDefinition/resource-sort","valueInteger":999999999},{"url":"http://hl7.org/fhir/StructureDefinition/implementationguide-page","valueUri":"StructureDefinition-smartcare-vaccination-site-type.html"}],"reference":{"reference":"StructureDefinition/smartcare-vaccination-site-type"},"name":"Vaccination site type in Smartcare","description":"Indicates whether the vaccination was administered at the facility or at an outreach post.","isExample":false,"groupingId":"-str-profile"},{"extension":[{"url":"http://hl7.org/fhir/tools/StructureDefinition/resource-sort","valueInteger":999999999},{"url":"http://hl7.org/fhir/StructureDefinition/implementationguide-page","valueUri":"StructureDefinition-administrative-sex.html"}],"reference":{"reference":"StructureDefinition/administrative-sex"},"name":"Administrative Sex","description":"This is an extension to capture that patient's administrative sex.","isExample":false,"groupingId":"-str-extension"},{"extension":[{"url":"http://hl7.org/fhir/tools/StructureDefinition/resource-sort","valueInteger":999999999},{"url":"http://hl7.org/fhir/StructureDefinition/implementationguide-page","valueUri":"StructureDefinition-hpv-vaccination-patient-registration-date.html"}],"reference":{"reference":"StructureDefinition/hpv-vaccination-patient-registration-date"},"name":"HPV Patient Registration Date","description":"A date representing when the patient was registered for HPV vaccination.","isExample":false,"groupingId":"-str-extension"},{"extension":[{"url":"http://hl7.org/fhir/tools/StructureDefinition/resource-sort","valueInteger":999999999},{"url":"http://hl7.org/fhir/StructureDefinition/implementationguide-page","valueUri":"StructureDefinition-born-in-zambia.html"}],"reference":{"reference":"StructureDefinition/born-in-zambia"},"name":"Patient born in Zambia?","description":"This is an extension to capture whether the patient was born in Zambia.","isExample":false,"groupingId":"-str-extension"},{"extension":[{"url":"http://hl7.org/fhir/tools/StructureDefinition/resource-sort","valueInteger":999999999},{"url":"http://hl7.org/fhir/StructureDefinition/implementationguide-page","valueUri":"StructureDefinition-is-estimated-date-of-birth.html"}],"reference":{"reference":"StructureDefinition/is-estimated-date-of-birth"},"name":"Patient's Date of Birth Is Estimated?","description":"This is an extension to capture whether the patient's date of birth was estimated.","isExample":false,"groupingId":"-str-extension"},{"extension":[{"url":"http://hl7.org/fhir/tools/StructureDefinition/resource-sort","valueInteger":999999999},{"url":"http://hl7.org/fhir/StructureDefinition/implementationguide-page","valueUri":"ValueSet-vs-administrative-sex.html"}],"reference":{"reference":"ValueSet/vs-administrative-sex"},"name":"Administrative Sex","description":"A List of Administrative Sex codes.","isExample":false,"groupingId":"-term-valueset"},{"extension":[{"url":"http://hl7.org/fhir/tools/StructureDefinition/resource-sort","valueInteger":999999999},{"url":"http://hl7.org/fhir/StructureDefinition/implementationguide-page","valueUri":"ValueSet-covax-observations.html"}],"reference":{"reference":"ValueSet/covax-observations"},"name":"COVAX Observations","description":"A ValueSet containing COVID19 vaccination observation","isExample":false,"groupingId":"-term-valueset"},{"extension":[{"url":"http://hl7.org/fhir/tools/StructureDefinition/resource-sort","valueInteger":999999999},{"url":"http://hl7.org/fhir/StructureDefinition/implementationguide-page","valueUri":"ValueSet-vs-home-language.html"}],"reference":{"reference":"ValueSet/vs-home-language"},"name":"Patient's Home Language","description":"A list of languages.","isExample":false,"groupingId":"-term-valueset"},{"extension":[{"url":"http://hl7.org/fhir/tools/StructureDefinition/resource-sort","valueInteger":999999999},{"url":"http://hl7.org/fhir/StructureDefinition/implementationguide-page","valueUri":"ValueSet-vs-loinc-education-level-attained.html"}],"reference":{"reference":"ValueSet/vs-loinc-education-level-attained"},"name":"Patient's highest education level attained (LOINC)","description":"A list of LOINC education levels.","isExample":false,"groupingId":"-term-valueset"},{"extension":[{"url":"http://hl7.org/fhir/tools/StructureDefinition/resource-sort","valueInteger":999999999},{"url":"http://hl7.org/fhir/StructureDefinition/implementationguide-page","valueUri":"ValueSet-vs-proprietary-education-level-attained.html"}],"reference":{"reference":"ValueSet/vs-proprietary-education-level-attained"},"name":"Patient's highest education level attained (Proprietary)","description":"A list of proprietary education levels.","isExample":false,"groupingId":"-term-valueset"},{"extension":[{"url":"http://hl7.org/fhir/tools/StructureDefinition/resource-sort","valueInteger":999999999},{"url":"http://hl7.org/fhir/StructureDefinition/implementationguide-page","valueUri":"ValueSet-underlying-conditions.html"}],"reference":{"reference":"ValueSet/underlying-conditions"},"name":"Underlying Conditions","description":"A ValueSet containing Underlying conditions","isExample":false,"groupingId":"-term-valueset"},{"extension":[{"url":"http://hl7.org/fhir/tools/StructureDefinition/resource-sort","valueInteger":999999999},{"url":"http://hl7.org/fhir/StructureDefinition/implementationguide-page","valueUri":"ValueSet-vs-proprietary-hpv-vaccination-site.html"}],"reference":{"reference":"ValueSet/vs-proprietary-hpv-vaccination-site"},"name":"Vaccination site types in HPV (Proprietary)","description":"A list of vaccination sites (posts) where the vaccination was administered.","isExample":false,"groupingId":"-term-valueset"},{"extension":[{"url":"http://hl7.org/fhir/tools/StructureDefinition/resource-sort","valueInteger":999999999},{"url":"http://hl7.org/fhir/StructureDefinition/implementationguide-page","valueUri":"ValueSet-vs-proprietary-smartcare-vaccination-site.html"}],"reference":{"reference":"ValueSet/vs-proprietary-smartcare-vaccination-site"},"name":"Vaccination site types in Smartcare (Proprietary)","description":"A list of vaccination sites (posts) where the vaccination was administered.","isExample":false,"groupingId":"-term-valueset"},{"extension":[{"url":"http://hl7.org/fhir/tools/StructureDefinition/resource-sort","valueInteger":999999999},{"url":"http://hl7.org/fhir/StructureDefinition/implementationguide-page","valueUri":"ValueSet-vs-vaccines.html"}],"reference":{"reference":"ValueSet/vs-vaccines"},"name":"Vaccine Codes","description":"A List of Vaccine Codes Use In Zambia","isExample":false,"groupingId":"-term-valueset"},{"extension":[{"url":"http://hl7.org/fhir/tools/StructureDefinition/resource-sort","valueInteger":999999999},{"url":"http://hl7.org/fhir/StructureDefinition/implementationguide-page","valueUri":"CodeSystem-cs-home-language.html"}],"reference":{"reference":"CodeSystem/cs-home-language"},"name":"Patient's Home Language","description":"A list of languages.","isExample":false,"groupingId":"-term-codesystem"},{"extension":[{"url":"http://hl7.org/fhir/tools/StructureDefinition/resource-sort","valueInteger":999999999},{"url":"http://hl7.org/fhir/StructureDefinition/implementationguide-page","valueUri":"CodeSystem-cs-proprietary-education-level-attained.html"}],"reference":{"reference":"CodeSystem/cs-proprietary-education-level-attained"},"name":"Patient's highest education level attained (Proprietary)","description":"A list of proprietary education levels.","isExample":false,"groupingId":"-term-codesystem"},{"extension":[{"url":"http://hl7.org/fhir/tools/StructureDefinition/resource-sort","valueInteger":999999999},{"url":"http://hl7.org/fhir/StructureDefinition/implementationguide-page","valueUri":"CodeSystem-cs-proprietary-hpv-vaccination-site.html"}],"reference":{"reference":"CodeSystem/cs-proprietary-hpv-vaccination-site"},"name":"Vaccination site types in HPV (Proprietary)","description":"A list of vaccination sites (posts) where the vaccination was administered.","isExample":false,"groupingId":"-term-codesystem"},{"extension":[{"url":"http://hl7.org/fhir/tools/StructureDefinition/resource-sort","valueInteger":999999999},{"url":"http://hl7.org/fhir/StructureDefinition/implementationguide-page","valueUri":"CodeSystem-cs-proprietary-smartcare-vaccination-site.html"}],"reference":{"reference":"CodeSystem/cs-proprietary-smartcare-vaccination-site"},"name":"Vaccination site types in Smartcare (Proprietary)","description":"A list of vaccination sites (posts) where the vaccination was administered.","isExample":false,"groupingId":"-term-codesystem"},{"extension":[{"url":"http://hl7.org/fhir/tools/StructureDefinition/resource-sort","valueInteger":999999999},{"url":"http://hl7.org/fhir/StructureDefinition/implementationguide-page","valueUri":"StructureMap-PropietaryEducationLevelToLOINCEducationLevel.html"}],"reference":{"reference":"StructureMap/PropietaryEducationLevelToLOINCEducationLevel"},"name":"Propietary Educational Level To LOINC Educational Level","description":"Maps the Propietary Educational Level codes To LOINC Educational Level codes.","groupingId":"-map-structuremap"},{"extension":[{"url":"http://hl7.org/fhir/tools/StructureDefinition/resource-sort","valueInteger":999999999},{"url":"http://hl7.org/fhir/StructureDefinition/implementationguide-page","valueUri":"ConceptMap-ProprietaryEducationLevelToLOINCEducationLevel.html"}],"reference":{"reference":"ConceptMap/ProprietaryEducationLevelToLOINCEducationLevel"},"name":"Proprietary Education Level to LOINC Education Level","description":"Mapping to and from Proprietary Education Level to LOINC Education Level.","isExample":false,"groupingId":"-map-conceptmap"},{"extension":[{"url":"http://hl7.org/fhir/tools/StructureDefinition/resource-sort","valueInteger":999999999},{"url":"http://hl7.org/fhir/StructureDefinition/implementationguide-page","valueUri":"RelatedPerson-ChiefAtBirthRelatedPersonExample.html"}],"reference":{"reference":"RelatedPerson/ChiefAtBirthRelatedPersonExample"},"name":"Chief at Birth","description":"Patient's chief at birth.","isExample":true,"profile":["http://openhie.org/fhir/zambia-immunizations/StructureDefinition/chief-at-birth-relation-to-patient"],"groupingId":"-ex-example"},{"extension":[{"url":"http://hl7.org/fhir/tools/StructureDefinition/resource-sort","valueInteger":999999999},{"url":"http://hl7.org/fhir/StructureDefinition/implementationguide-page","valueUri":"RelatedPerson-PatientFatherRelatedPersonExample.html"}],"reference":{"reference":"RelatedPerson/PatientFatherRelatedPersonExample"},"name":"Father Relation to Patient","description":"The patient's father.","isExample":true,"profile":["http://openhie.org/fhir/zambia-immunizations/StructureDefinition/father-relation-to-patient"],"groupingId":"-ex-example"},{"extension":[{"url":"http://hl7.org/fhir/tools/StructureDefinition/resource-sort","valueInteger":999999999},{"url":"http://hl7.org/fhir/StructureDefinition/implementationguide-page","valueUri":"Patient-ImmunizationPatientExample.html"}],"reference":{"reference":"Patient/ImmunizationPatientExample"},"name":"Generic Immunization Patient","description":"Is used to document demographics and other administrative information about an individual receiving care or other health-related services.","isExample":true,"profile":["http://openhie.org/fhir/zambia-immunizations/StructureDefinition/immunization-patient"],"groupingId":"-ex-example"},{"extension":[{"url":"http://hl7.org/fhir/tools/StructureDefinition/resource-sort","valueInteger":999999999},{"url":"http://hl7.org/fhir/StructureDefinition/implementationguide-page","valueUri":"RelatedPerson-RelationToPatientExample.html"}],"reference":{"reference":"RelatedPerson/RelationToPatientExample"},"name":"Generic Relation to Patient","description":"This profile acts as a base profile from which more specific RelatedPerson profiles can be derived.","isExample":true,"profile":["http://openhie.org/fhir/zambia-immunizations/StructureDefinition/relation-to-patient"],"groupingId":"-ex-example"},{"extension":[{"url":"http://hl7.org/fhir/tools/StructureDefinition/resource-sort","valueInteger":999999999},{"url":"http://hl7.org/fhir/StructureDefinition/implementationguide-page","valueUri":"Observation-GenericObservationExample.html"}],"reference":{"reference":"Observation/GenericObservationExample"},"name":"Generic Social History Observation Profile","description":"This profile acts as a base profile from which more specific social history observation profiles can be derived.","isExample":true,"profile":["http://openhie.org/fhir/zambia-immunizations/StructureDefinition/generic-social-history-observation-profile"],"groupingId":"-ex-example"},{"extension":[{"url":"http://hl7.org/fhir/tools/StructureDefinition/resource-sort","valueInteger":999999999},{"url":"http://hl7.org/fhir/StructureDefinition/implementationguide-page","valueUri":"Observation-GuardianOccupationObservationExample.html"}],"reference":{"reference":"Observation/GuardianOccupationObservationExample"},"name":"Guardian Occupation","description":"Records the current occupation for the guardian","isExample":true,"profile":["http://openhie.org/fhir/zambia-immunizations/StructureDefinition/guardian-occupation"],"groupingId":"-ex-example"},{"extension":[{"url":"http://hl7.org/fhir/tools/StructureDefinition/resource-sort","valueInteger":999999999},{"url":"http://hl7.org/fhir/StructureDefinition/implementationguide-page","valueUri":"RelatedPerson-HPVGuardianRelatedPersonExample.html"}],"reference":{"reference":"RelatedPerson/HPVGuardianRelatedPersonExample"},"name":"Guardian Relation to Patient in HPV","description":"A guardian to the patient.","isExample":true,"profile":["http://openhie.org/fhir/zambia-immunizations/StructureDefinition/guardian-relation-to-patient"],"groupingId":"-ex-example"},{"extension":[{"url":"http://hl7.org/fhir/tools/StructureDefinition/resource-sort","valueInteger":999999999},{"url":"http://hl7.org/fhir/StructureDefinition/implementationguide-page","valueUri":"RelatedPerson-SmartcareGuardianRelatedPersonExample.html"}],"reference":{"reference":"RelatedPerson/SmartcareGuardianRelatedPersonExample"},"name":"Guardian Relation to Patient in Smartcare","description":"A guardian to the patient.","isExample":true,"profile":["http://openhie.org/fhir/zambia-immunizations/StructureDefinition/guardian-relation-to-patient"],"groupingId":"-ex-example"},{"extension":[{"url":"http://hl7.org/fhir/tools/StructureDefinition/resource-sort","valueInteger":999999999},{"url":"http://hl7.org/fhir/StructureDefinition/implementationguide-page","valueUri":"Bundle-HPVFullBundleExample.html"}],"reference":{"reference":"Bundle/HPVFullBundleExample"},"name":"HPV Bundle","description":"A bundle containing all HPV FHIR resources.","isExample":true,"profile":["http://openhie.org/fhir/zambia-immunizations/StructureDefinition/hpv-full-bundle"],"groupingId":"-ex-example"},{"extension":[{"url":"http://hl7.org/fhir/tools/StructureDefinition/resource-sort","valueInteger":999999999},{"url":"http://hl7.org/fhir/StructureDefinition/implementationguide-page","valueUri":"Immunization-HPVImmunizationExample.html"}],"reference":{"reference":"Immunization/HPVImmunizationExample"},"name":"HPV Immunization Example","description":"Records the vaccine administered to the patient.","isExample":true,"profile":["http://openhie.org/fhir/zambia-immunizations/StructureDefinition/hpv-immunization"],"groupingId":"-ex-example"},{"extension":[{"url":"http://hl7.org/fhir/tools/StructureDefinition/resource-sort","valueInteger":999999999},{"url":"http://hl7.org/fhir/StructureDefinition/implementationguide-page","valueUri":"Observation-HPVImmunocomprommisedExample.html"}],"reference":{"reference":"Observation/HPVImmunocomprommisedExample"},"name":"HPV Immunocomprommised","description":"This is to document whether the HPV patient has been observed to be immunocomprommised.","isExample":true,"profile":["http://openhie.org/fhir/zambia-immunizations/StructureDefinition/hpv-immunocomprommised"],"groupingId":"-ex-example"},{"extension":[{"url":"http://hl7.org/fhir/tools/StructureDefinition/resource-sort","valueInteger":999999999},{"url":"http://hl7.org/fhir/StructureDefinition/implementationguide-page","valueUri":"Medication-HPVVaccineExample.html"}],"reference":{"reference":"Medication/HPVVaccineExample"},"name":"HPV Vaccine Details","description":"Records the batch number for the vaccine.","isExample":true,"profile":["http://openhie.org/fhir/zambia-immunizations/StructureDefinition/hpv-vaccine-details"],"groupingId":"-ex-example"},{"extension":[{"url":"http://hl7.org/fhir/tools/StructureDefinition/resource-sort","valueInteger":999999999},{"url":"http://hl7.org/fhir/StructureDefinition/implementationguide-page","valueUri":"Organization-OrganizationExample.html"}],"reference":{"reference":"Organization/OrganizationExample"},"name":"Healthcare Service Provider","description":"An organization that provides healthcare services.","isExample":true,"profile":["http://openhie.org/fhir/zambia-immunizations/StructureDefinition/healthcare-service-provider"],"groupingId":"-ex-example"},{"extension":[{"url":"http://hl7.org/fhir/tools/StructureDefinition/resource-sort","valueInteger":999999999},{"url":"http://hl7.org/fhir/StructureDefinition/implementationguide-page","valueUri":"Observation-PatientEducationalLevelObservationExample.html"}],"reference":{"reference":"Observation/PatientEducationalLevelObservationExample"},"name":"Highest education level attained","description":"A patient's highest education level attained","isExample":true,"profile":["http://openhie.org/fhir/zambia-immunizations/StructureDefinition/patient-educational-level"],"groupingId":"-ex-example"},{"extension":[{"url":"http://hl7.org/fhir/tools/StructureDefinition/resource-sort","valueInteger":999999999},{"url":"http://hl7.org/fhir/StructureDefinition/implementationguide-page","valueUri":"Patient-HPVImmunizationPatientExample.html"}],"reference":{"reference":"Patient/HPVImmunizationPatientExample"},"name":"Immunization Patient in HPV","description":"Is used to document demographics and other administrative information about an individual receiving care or other health-related services.","isExample":true,"profile":["http://openhie.org/fhir/zambia-immunizations/StructureDefinition/hpv-immunization-patient"],"groupingId":"-ex-example"},{"extension":[{"url":"http://hl7.org/fhir/tools/StructureDefinition/resource-sort","valueInteger":999999999},{"url":"http://hl7.org/fhir/StructureDefinition/implementationguide-page","valueUri":"Patient-SmartcareImmunizationPatientExample.html"}],"reference":{"reference":"Patient/SmartcareImmunizationPatientExample"},"name":"Immunization Patient in Smartcare","description":"Is used to document demographics and other administrative information about an individual receiving care or other health-related services.","isExample":true,"profile":["http://openhie.org/fhir/zambia-immunizations/StructureDefinition/smartcare-immunization-patient"],"groupingId":"-ex-example"},{"extension":[{"url":"http://hl7.org/fhir/tools/StructureDefinition/resource-sort","valueInteger":999999999},{"url":"http://hl7.org/fhir/StructureDefinition/implementationguide-page","valueUri":"Coverage-MedicalInsuranceExample.html"}],"reference":{"reference":"Coverage/MedicalInsuranceExample"},"name":"Insurance or Medical Plan","description":"Insurance or medical plan details","isExample":true,"profile":["http://openhie.org/fhir/zambia-immunizations/StructureDefinition/medical-insurance"],"groupingId":"-ex-example"},{"extension":[{"url":"http://hl7.org/fhir/tools/StructureDefinition/resource-sort","valueInteger":999999999},{"url":"http://hl7.org/fhir/StructureDefinition/implementationguide-page","valueUri":"Organization-MedicalInsuranceCompanyExample.html"}],"reference":{"reference":"Organization/MedicalInsuranceCompanyExample"},"name":"Medical Insurance Company","description":"A company that provides insurance to its subscribers that may include healthcare related policies.","isExample":true,"profile":["http://openhie.org/fhir/zambia-immunizations/StructureDefinition/medical-insurance-company"],"groupingId":"-ex-example"},{"extension":[{"url":"http://hl7.org/fhir/tools/StructureDefinition/resource-sort","valueInteger":999999999},{"url":"http://hl7.org/fhir/StructureDefinition/implementationguide-page","valueUri":"RelatedPerson-PatientMotherRelatedPersonExample.html"}],"reference":{"reference":"RelatedPerson/PatientMotherRelatedPersonExample"},"name":"Mother Relation to Patient","description":"The patient's mother.","isExample":true,"profile":["http://openhie.org/fhir/zambia-immunizations/StructureDefinition/mother-relation-to-patient"],"groupingId":"-ex-example"},{"extension":[{"url":"http://hl7.org/fhir/tools/StructureDefinition/resource-sort","valueInteger":999999999},{"url":"http://hl7.org/fhir/StructureDefinition/implementationguide-page","valueUri":"Observation-DatePatientFirstMarriedObservationExample.html"}],"reference":{"reference":"Observation/DatePatientFirstMarriedObservationExample"},"name":"Patient's Date of First Marriage","description":"Records the date when the patient was first married","isExample":true,"profile":["http://openhie.org/fhir/zambia-immunizations/StructureDefinition/date-patient-first-married"],"groupingId":"-ex-example"},{"extension":[{"url":"http://hl7.org/fhir/tools/StructureDefinition/resource-sort","valueInteger":999999999},{"url":"http://hl7.org/fhir/StructureDefinition/implementationguide-page","valueUri":"Observation-PatientHomeLanguageObservationExample.html"}],"reference":{"reference":"Observation/PatientHomeLanguageObservationExample"},"name":"Patient's Home Language","description":"Records the home language for the patient","isExample":true,"profile":["http://openhie.org/fhir/zambia-immunizations/StructureDefinition/patient-home-language"],"groupingId":"-ex-example"},{"extension":[{"url":"http://hl7.org/fhir/tools/StructureDefinition/resource-sort","valueInteger":999999999},{"url":"http://hl7.org/fhir/StructureDefinition/implementationguide-page","valueUri":"RelatedPerson-RelativeRelatedPersonExample.html"}],"reference":{"reference":"RelatedPerson/RelativeRelatedPersonExample"},"name":"Relative Relation to Patient","description":"The patient's relative.","isExample":true,"profile":["http://openhie.org/fhir/zambia-immunizations/StructureDefinition/relative-relation-to-patient"],"groupingId":"-ex-example"},{"extension":[{"url":"http://hl7.org/fhir/tools/StructureDefinition/resource-sort","valueInteger":999999999},{"url":"http://hl7.org/fhir/StructureDefinition/implementationguide-page","valueUri":"Bundle-Smartcare.html"}],"reference":{"reference":"Bundle/Smartcare"},"name":"Smartcare Bundle","description":"A bundle containing all Smartcare FHIR resources.","isExample":true,"profile":["http://openhie.org/fhir/zambia-immunizations/StructureDefinition/smartcare-full-bundle"],"groupingId":"-ex-example"},{"extension":[{"url":"http://hl7.org/fhir/tools/StructureDefinition/resource-sort","valueInteger":999999999},{"url":"http://hl7.org/fhir/StructureDefinition/implementationguide-page","valueUri":"Observation-SpouseOccupationObservationExample.html"}],"reference":{"reference":"Observation/SpouseOccupationObservationExample"},"name":"Spouse Occupation","description":"Records the current occupation for the spouse","isExample":true,"profile":["http://openhie.org/fhir/zambia-immunizations/StructureDefinition/spouse-occupation"],"groupingId":"-ex-example"},{"extension":[{"url":"http://hl7.org/fhir/tools/StructureDefinition/resource-sort","valueInteger":999999999},{"url":"http://hl7.org/fhir/StructureDefinition/implementationguide-page","valueUri":"RelatedPerson-SpouseRelatedPersonExample.html"}],"reference":{"reference":"RelatedPerson/SpouseRelatedPersonExample"},"name":"Spouse Related to Patient","description":"The husband or wife, considered in relation to the patient.","isExample":true,"profile":["http://openhie.org/fhir/zambia-immunizations/StructureDefinition/spouse-relation-to-patient"],"groupingId":"-ex-example"},{"extension":[{"url":"http://hl7.org/fhir/tools/StructureDefinition/resource-sort","valueInteger":999999999},{"url":"http://hl7.org/fhir/StructureDefinition/implementationguide-page","valueUri":"Encounter-HPVTargetFacilityEncounterExample.html"}],"reference":{"reference":"Encounter/HPVTargetFacilityEncounterExample"},"name":"Target Facility Encounter in HPV","description":"Represents the current facility at which the patient is receiving health services.","isExample":true,"profile":["http://openhie.org/fhir/zambia-immunizations/StructureDefinition/target-facility-encounter"],"groupingId":"-ex-example"},{"extension":[{"url":"http://hl7.org/fhir/tools/StructureDefinition/resource-sort","valueInteger":999999999},{"url":"http://hl7.org/fhir/StructureDefinition/implementationguide-page","valueUri":"Encounter-SmartcareTargetFacilityEncounterExample.html"}],"reference":{"reference":"Encounter/SmartcareTargetFacilityEncounterExample"},"name":"Target Facility Encounter in Smartcare","description":"Represents the current facility at which the patient is receiving health services.","isExample":true,"profile":["http://openhie.org/fhir/zambia-immunizations/StructureDefinition/target-facility-encounter"],"groupingId":"-ex-example"},{"extension":[{"url":"http://hl7.org/fhir/tools/StructureDefinition/resource-sort","valueInteger":999999999},{"url":"http://hl7.org/fhir/StructureDefinition/implementationguide-page","valueUri":"Organization-SmartcareVaccinationSiteTypeExample.html"}],"reference":{"reference":"Organization/SmartcareVaccinationSiteTypeExample"},"name":"Vaccination site type","description":"Indicates whether the vaccination was administered at the facility or at an outreach post.","isExample":true,"profile":["http://openhie.org/fhir/zambia-immunizations/StructureDefinition/smartcare-vaccination-site-type"],"groupingId":"-ex-example"},{"extension":[{"url":"http://hl7.org/fhir/tools/StructureDefinition/resource-sort","valueInteger":999999999},{"url":"http://hl7.org/fhir/StructureDefinition/implementationguide-page","valueUri":"Organization-HPVVaccinationSiteTypeExample.html"}],"reference":{"reference":"Organization/HPVVaccinationSiteTypeExample"},"name":"Vaccination site type in HPV","description":"Indicates whether the vaccination was administered at the facility or at an outreach post.","isExample":true,"profile":["http://openhie.org/fhir/zambia-immunizations/StructureDefinition/hpv-vaccination-site-type"],"groupingId":"-ex-example"},{"extension":[{"url":"http://hl7.org/fhir/tools/StructureDefinition/resource-sort","valueInteger":999999999},{"url":"http://hl7.org/fhir/StructureDefinition/implementationguide-page","valueUri":"Immunization-VaccinesExample.html"}],"reference":{"reference":"Immunization/VaccinesExample"},"name":"Vaccine Administration","description":"Records the vaccine administered to the patient.","isExample":true,"profile":["http://openhie.org/fhir/zambia-immunizations/StructureDefinition/vaccine-administration"],"groupingId":"-ex-example"}],"page":{"sourceUrl":"toc.html","name":"toc.html","title":"Table of Contents","generation":"html","page":[{"sourceUrl":"index.html","name":"index.html","title":"Home","generation":"html"},{"sourceUrl":"changes.html","name":"changes.html","title":"Changes","generation":"html"},{"sourceUrl":"artifacts.html","name":"artifacts.html","title":"Artifacts Summary","generation":"html","page":[{"sourceUrl":"StructureDefinition-chief-at-birth-relation-to-patient.html","name":"StructureDefinition-chief-at-birth-relation-to-patient.html","title":"Chief at Birth","generation":"generated"},{"sourceUrl":"StructureDefinition-covax-immunization-patient.html","name":"StructureDefinition-covax-immunization-patient.html","title":"COVAX Immunization Patient","generation":"generated"},{"sourceUrl":"StructureDefinition-covax-observation.html","name":"StructureDefinition-covax-observation.html","title":"COVAX Observation","generation":"generated"},{"sourceUrl":"StructureDefinition-covid19-vaccine-medication.html","name":"StructureDefinition-covid19-vaccine-medication.html","title":"COVID-19 Vaccine Medication","generation":"generated"},{"sourceUrl":"StructureDefinition-father-relation-to-patient.html","name":"StructureDefinition-father-relation-to-patient.html","title":"Father Relation to Patient","generation":"generated"},{"sourceUrl":"StructureDefinition-generic-social-history-observation-profile.html","name":"StructureDefinition-generic-social-history-observation-profile.html","title":"Generic Observation Profile","generation":"generated"},{"sourceUrl":"StructureDefinition-immunization-patient.html","name":"StructureDefinition-immunization-patient.html","title":"Generic Patient Profile for Immunizations","generation":"generated"},{"sourceUrl":"StructureDefinition-vaccine-administration.html","name":"StructureDefinition-vaccine-administration.html","title":"Generic Vaccine Administration Profile","generation":"generated"},{"sourceUrl":"StructureDefinition-guardian-occupation.html","name":"StructureDefinition-guardian-occupation.html","title":"Guardian Occupation","generation":"generated"},{"sourceUrl":"StructureDefinition-guardian-relation-to-patient.html","name":"StructureDefinition-guardian-relation-to-patient.html","title":"Guardian Relation to Patient Profile","generation":"generated"},{"sourceUrl":"StructureDefinition-healthcare-service-provider.html","name":"StructureDefinition-healthcare-service-provider.html","title":"Healthcare Service Provider Profile","generation":"generated"},{"sourceUrl":"StructureDefinition-patient-educational-level.html","name":"StructureDefinition-patient-educational-level.html","title":"Highest education level attained","generation":"generated"},{"sourceUrl":"StructureDefinition-hpv-full-bundle.html","name":"StructureDefinition-hpv-full-bundle.html","title":"HPV Full Bundle","generation":"generated"},{"sourceUrl":"StructureDefinition-hpv-immunization.html","name":"StructureDefinition-hpv-immunization.html","title":"HPV Immunization","generation":"generated"},{"sourceUrl":"StructureDefinition-hpv-immunocomprommised.html","name":"StructureDefinition-hpv-immunocomprommised.html","title":"HPV Immunocomprommised","generation":"generated"},{"sourceUrl":"StructureDefinition-hpv-vaccine-details.html","name":"StructureDefinition-hpv-vaccine-details.html","title":"HPV Vaccine Details","generation":"generated"},{"sourceUrl":"StructureDefinition-medical-insurance.html","name":"StructureDefinition-medical-insurance.html","title":"Insurance or Medical Plan","generation":"generated"},{"sourceUrl":"StructureDefinition-medical-insurance-company.html","name":"StructureDefinition-medical-insurance-company.html","title":"Medical Insurance Company","generation":"generated"},{"sourceUrl":"StructureDefinition-mother-relation-to-patient.html","name":"StructureDefinition-mother-relation-to-patient.html","title":"Mother Relation to Patient","generation":"generated"},{"sourceUrl":"StructureDefinition-hpv-immunization-patient.html","name":"StructureDefinition-hpv-immunization-patient.html","title":"Patient Profile for HPV Immunizations","generation":"generated"},{"sourceUrl":"StructureDefinition-smartcare-immunization-patient.html","name":"StructureDefinition-smartcare-immunization-patient.html","title":"Patient Profile for Smartcare Immunizations","generation":"generated"},{"sourceUrl":"StructureDefinition-date-patient-first-married.html","name":"StructureDefinition-date-patient-first-married.html","title":"Patient's Date of First Marriage","generation":"generated"},{"sourceUrl":"StructureDefinition-patient-home-language.html","name":"StructureDefinition-patient-home-language.html","title":"Patient's Home Language","generation":"generated"},{"sourceUrl":"StructureDefinition-relation-to-patient.html","name":"StructureDefinition-relation-to-patient.html","title":"Relation to Patient Profile","generation":"generated"},{"sourceUrl":"StructureDefinition-relative-relation-to-patient.html","name":"StructureDefinition-relative-relation-to-patient.html","title":"Relative Relation to Patient","generation":"generated"},{"sourceUrl":"StructureDefinition-smartcare-full-bundle.html","name":"StructureDefinition-smartcare-full-bundle.html","title":"Smartcare Full Bundle","generation":"generated"},{"sourceUrl":"StructureDefinition-spouse-occupation.html","name":"StructureDefinition-spouse-occupation.html","title":"Spouse Occupation","generation":"generated"},{"sourceUrl":"StructureDefinition-spouse-relation-to-patient.html","name":"StructureDefinition-spouse-relation-to-patient.html","title":"Spouse Relation to Patient","generation":"generated"},{"sourceUrl":"StructureDefinition-target-facility-encounter.html","name":"StructureDefinition-target-facility-encounter.html","title":"Target Facility Encounter","generation":"generated"},{"sourceUrl":"StructureDefinition-underlying-condition.html","name":"StructureDefinition-underlying-condition.html","title":"Underlying Condition","generation":"generated"},{"sourceUrl":"StructureDefinition-hpv-vaccination-site-type.html","name":"StructureDefinition-hpv-vaccination-site-type.html","title":"Vaccination site type in HPV","generation":"generated"},{"sourceUrl":"StructureDefinition-smartcare-vaccination-site-type.html","name":"StructureDefinition-smartcare-vaccination-site-type.html","title":"Vaccination site type in Smartcare","generation":"generated"},{"sourceUrl":"StructureDefinition-administrative-sex.html","name":"StructureDefinition-administrative-sex.html","title":"Administrative Sex","generation":"generated"},{"sourceUrl":"StructureDefinition-hpv-vaccination-patient-registration-date.html","name":"StructureDefinition-hpv-vaccination-patient-registration-date.html","title":"HPV Patient Registration Date","generation":"generated"},{"sourceUrl":"StructureDefinition-born-in-zambia.html","name":"StructureDefinition-born-in-zambia.html","title":"Patient born in Zambia?","generation":"generated"},{"sourceUrl":"StructureDefinition-is-estimated-date-of-birth.html","name":"StructureDefinition-is-estimated-date-of-birth.html","title":"Patient's Date of Birth Is Estimated?","generation":"generated"},{"sourceUrl":"ValueSet-vs-administrative-sex.html","name":"ValueSet-vs-administrative-sex.html","title":"Administrative Sex","generation":"generated"},{"sourceUrl":"ValueSet-covax-observations.html","name":"ValueSet-covax-observations.html","title":"COVAX Observations","generation":"generated"},{"sourceUrl":"ValueSet-vs-loinc-education-level-attained.html","name":"ValueSet-vs-loinc-education-level-attained.html","title":"Patient's highest education level attained (LOINC)","generation":"generated"},{"sourceUrl":"ValueSet-vs-proprietary-education-level-attained.html","name":"ValueSet-vs-proprietary-education-level-attained.html","title":"Patient's highest education level attained (Proprietary)","generation":"generated"},{"sourceUrl":"ValueSet-vs-home-language.html","name":"ValueSet-vs-home-language.html","title":"Patient's Home Language","generation":"generated"},{"sourceUrl":"ValueSet-underlying-conditions.html","name":"ValueSet-underlying-conditions.html","title":"Underlying Conditions","generation":"generated"},{"sourceUrl":"ValueSet-vs-proprietary-hpv-vaccination-site.html","name":"ValueSet-vs-proprietary-hpv-vaccination-site.html","title":"Vaccination site types in HPV (Proprietary)","generation":"generated"},{"sourceUrl":"ValueSet-vs-proprietary-smartcare-vaccination-site.html","name":"ValueSet-vs-proprietary-smartcare-vaccination-site.html","title":"Vaccination site types in Smartcare (Proprietary)","generation":"generated"},{"sourceUrl":"ValueSet-vs-vaccines.html","name":"ValueSet-vs-vaccines.html","title":"Vaccine Codes","generation":"generated"},{"sourceUrl":"CodeSystem-cs-proprietary-education-level-attained.html","name":"CodeSystem-cs-proprietary-education-level-attained.html","title":"Patient's highest education level attained (Proprietary)","generation":"generated"},{"sourceUrl":"CodeSystem-cs-home-language.html","name":"CodeSystem-cs-home-language.html","title":"Patient's Home Language","generation":"generated"},{"sourceUrl":"CodeSystem-cs-proprietary-hpv-vaccination-site.html","name":"CodeSystem-cs-proprietary-hpv-vaccination-site.html","title":"Vaccination site types in HPV (Proprietary)","generation":"generated"},{"sourceUrl":"CodeSystem-cs-proprietary-smartcare-vaccination-site.html","name":"CodeSystem-cs-proprietary-smartcare-vaccination-site.html","title":"Vaccination site types in Smartcare (Proprietary)","generation":"generated"},{"sourceUrl":"StructureMap-PropietaryEducationLevelToLOINCEducationLevel.html","name":"StructureMap-PropietaryEducationLevelToLOINCEducationLevel.html","title":"Propietary Educational Level To LOINC Educational Level","generation":"generated"},{"sourceUrl":"ConceptMap-ProprietaryEducationLevelToLOINCEducationLevel.html","name":"ConceptMap-ProprietaryEducationLevelToLOINCEducationLevel.html","title":"Proprietary Education Level to LOINC Education Level","generation":"generated"},{"sourceUrl":"RelatedPerson-ChiefAtBirthRelatedPersonExample.html","name":"RelatedPerson-ChiefAtBirthRelatedPersonExample.html","title":"Chief at Birth","generation":"generated"},{"sourceUrl":"RelatedPerson-PatientFatherRelatedPersonExample.html","name":"RelatedPerson-PatientFatherRelatedPersonExample.html","title":"Father Relation to Patient","generation":"generated"},{"sourceUrl":"Patient-ImmunizationPatientExample.html","name":"Patient-ImmunizationPatientExample.html","title":"Generic Immunization Patient","generation":"generated"},{"sourceUrl":"RelatedPerson-RelationToPatientExample.html","name":"RelatedPerson-RelationToPatientExample.html","title":"Generic Relation to Patient","generation":"generated"},{"sourceUrl":"Observation-GenericObservationExample.html","name":"Observation-GenericObservationExample.html","title":"Generic Social History Observation Profile","generation":"generated"},{"sourceUrl":"Observation-GuardianOccupationObservationExample.html","name":"Observation-GuardianOccupationObservationExample.html","title":"Guardian Occupation","generation":"generated"},{"sourceUrl":"RelatedPerson-HPVGuardianRelatedPersonExample.html","name":"RelatedPerson-HPVGuardianRelatedPersonExample.html","title":"Guardian Relation to Patient in HPV","generation":"generated"},{"sourceUrl":"RelatedPerson-SmartcareGuardianRelatedPersonExample.html","name":"RelatedPerson-SmartcareGuardianRelatedPersonExample.html","title":"Guardian Relation to Patient in Smartcare","generation":"generated"},{"sourceUrl":"Organization-OrganizationExample.html","name":"Organization-OrganizationExample.html","title":"Healthcare Service Provider","generation":"generated"},{"sourceUrl":"Observation-PatientEducationalLevelObservationExample.html","name":"Observation-PatientEducationalLevelObservationExample.html","title":"Highest education level attained","generation":"generated"},{"sourceUrl":"Bundle-HPVFullBundleExample.html","name":"Bundle-HPVFullBundleExample.html","title":"HPV Bundle","generation":"generated"},{"sourceUrl":"Immunization-HPVImmunizationExample.html","name":"Immunization-HPVImmunizationExample.html","title":"HPV Immunization Example","generation":"generated"},{"sourceUrl":"Observation-HPVImmunocomprommisedExample.html","name":"Observation-HPVImmunocomprommisedExample.html","title":"HPV Immunocomprommised","generation":"generated"},{"sourceUrl":"Medication-HPVVaccineExample.html","name":"Medication-HPVVaccineExample.html","title":"HPV Vaccine Details","generation":"generated"},{"sourceUrl":"Patient-HPVImmunizationPatientExample.html","name":"Patient-HPVImmunizationPatientExample.html","title":"Immunization Patient in HPV","generation":"generated"},{"sourceUrl":"Patient-SmartcareImmunizationPatientExample.html","name":"Patient-SmartcareImmunizationPatientExample.html","title":"Immunization Patient in Smartcare","generation":"generated"},{"sourceUrl":"Coverage-MedicalInsuranceExample.html","name":"Coverage-MedicalInsuranceExample.html","title":"Insurance or Medical Plan","generation":"generated"},{"sourceUrl":"Organization-MedicalInsuranceCompanyExample.html","name":"Organization-MedicalInsuranceCompanyExample.html","title":"Medical Insurance Company","generation":"generated"},{"sourceUrl":"RelatedPerson-PatientMotherRelatedPersonExample.html","name":"RelatedPerson-PatientMotherRelatedPersonExample.html","title":"Mother Relation to Patient","generation":"generated"},{"sourceUrl":"Observation-DatePatientFirstMarriedObservationExample.html","name":"Observation-DatePatientFirstMarriedObservationExample.html","title":"Patient's Date of First Marriage","generation":"generated"},{"sourceUrl":"Observation-PatientHomeLanguageObservationExample.html","name":"Observation-PatientHomeLanguageObservationExample.html","title":"Patient's Home Language","generation":"generated"},{"sourceUrl":"RelatedPerson-RelativeRelatedPersonExample.html","name":"RelatedPerson-RelativeRelatedPersonExample.html","title":"Relative Relation to Patient","generation":"generated"},{"sourceUrl":"Bundle-Smartcare.html","name":"Bundle-Smartcare.html","title":"Smartcare Bundle","generation":"generated"},{"sourceUrl":"Observation-SpouseOccupationObservationExample.html","name":"Observation-SpouseOccupationObservationExample.html","title":"Spouse Occupation","generation":"generated"},{"sourceUrl":"RelatedPerson-SpouseRelatedPersonExample.html","name":"RelatedPerson-SpouseRelatedPersonExample.html","title":"Spouse Related to Patient","generation":"generated"},{"sourceUrl":"Encounter-HPVTargetFacilityEncounterExample.html","name":"Encounter-HPVTargetFacilityEncounterExample.html","title":"Target Facility Encounter in HPV","generation":"generated"},{"sourceUrl":"Encounter-SmartcareTargetFacilityEncounterExample.html","name":"Encounter-SmartcareTargetFacilityEncounterExample.html","title":"Target Facility Encounter in Smartcare","generation":"generated"},{"sourceUrl":"Organization-SmartcareVaccinationSiteTypeExample.html","name":"Organization-SmartcareVaccinationSiteTypeExample.html","title":"Vaccination site type","generation":"generated"},{"sourceUrl":"Organization-HPVVaccinationSiteTypeExample.html","name":"Organization-HPVVaccinationSiteTypeExample.html","title":"Vaccination site type in HPV","generation":"generated"},{"sourceUrl":"Immunization-VaccinesExample.html","name":"Immunization-VaccinesExample.html","title":"Vaccine Administration","generation":"generated"}]}]},"parameter":[{"code":{"system":"http://hl7.org/fhir/tools/CodeSystem/ig-parameters","code":"copyrightyear"},"value":"2021+"},{"code":{"system":"http://hl7.org/fhir/tools/CodeSystem/ig-parameters","code":"releaselabel"},"value":"STU1"},{"code":{"system":"http://hl7.org/fhir/guide-parameter-code","code":"path-resource"},"value":"input/maps"},{"code":{"system":"http://hl7.org/fhir/tools/CodeSystem/ig-parameters","code":"autoload-resources"},"value":"true"},{"code":{"system":"http://hl7.org/fhir/guide-parameter-code","code":"path-resource"},"value":"input/capabilities"},{"code":{"system":"http://hl7.org/fhir/guide-parameter-code","code":"path-resource"},"value":"input/examples"},{"code":{"system":"http://hl7.org/fhir/guide-parameter-code","code":"path-resource"},"value":"input/extensions"},{"code":{"system":"http://hl7.org/fhir/guide-parameter-code","code":"path-resource"},"value":"input/models"},{"code":{"system":"http://hl7.org/fhir/guide-parameter-code","code":"path-resource"},"value":"input/operations"},{"code":{"system":"http://hl7.org/fhir/guide-parameter-code","code":"path-resource"},"value":"input/profiles"},{"code":{"system":"http://hl7.org/fhir/guide-parameter-code","code":"path-resource"},"value":"input/resources"},{"code":{"system":"http://hl7.org/fhir/guide-parameter-code","code":"path-resource"},"value":"input/vocabulary"},{"code":{"system":"http://hl7.org/fhir/guide-parameter-code","code":"path-resource"},"value":"input/testing"},{"code":{"system":"http://hl7.org/fhir/guide-parameter-code","code":"path-resource"},"value":"input/history"},{"code":{"system":"http://hl7.org/fhir/guide-parameter-code","code":"path-resource"},"value":"fsh-generated/resources"},{"code":{"system":"http://hl7.org/fhir/guide-parameter-code","code":"path-pages"},"value":"template/config"},{"code":{"system":"http://hl7.org/fhir/guide-parameter-code","code":"path-pages"},"value":"input/images"},{"code":{"system":"http://hl7.org/fhir/tools/CodeSystem/ig-parameters","code":"path-liquid"},"value":"template/liquid"},{"code":{"system":"http://hl7.org/fhir/tools/CodeSystem/ig-parameters","code":"path-liquid"},"value":"input/liquid"},{"code":{"system":"http://hl7.org/fhir/tools/CodeSystem/ig-parameters","code":"path-qa"},"value":"temp/qa"},{"code":{"system":"http://hl7.org/fhir/tools/CodeSystem/ig-parameters","code":"path-temp"},"value":"temp/pages"},{"code":{"system":"http://hl7.org/fhir/tools/CodeSystem/ig-parameters","code":"path-output"},"value":"output"},{"code":{"system":"http://hl7.org/fhir/guide-parameter-code","code":"path-tx-cache"},"value":"input-cache/txcache"},{"code":{"system":"http://hl7.org/fhir/tools/CodeSystem/ig-parameters","code":"path-suppressed-warnings"},"value":"input/ignoreWarnings.txt"},{"code":{"system":"http://hl7.org/fhir/tools/CodeSystem/ig-parameters","code":"path-history"},"value":"http://openhie.org/fhir/zambia-immunizations/history.html"},{"code":{"system":"http://hl7.org/fhir/tools/CodeSystem/ig-parameters","code":"template-html"},"value":"template-page.html"},{"code":{"system":"http://hl7.org/fhir/tools/CodeSystem/ig-parameters","code":"template-md"},"value":"template-page-md.html"},{"code":{"system":"http://hl7.org/fhir/tools/CodeSystem/ig-parameters","code":"apply-contact"},"value":"true"},{"code":{"system":"http://hl7.org/fhir/tools/CodeSystem/ig-parameters","code":"apply-context"},"value":"true"},{"code":{"system":"http://hl7.org/fhir/tools/CodeSystem/ig-parameters","code":"apply-copyright"},"value":"true"},{"code":{"system":"http://hl7.org/fhir/tools/CodeSystem/ig-parameters","code":"apply-jurisdiction"},"value":"true"},{"code":{"system":"http://hl7.org/fhir/tools/CodeSystem/ig-parameters","code":"apply-license"},"value":"true"},{"code":{"system":"http://hl7.org/fhir/tools/CodeSystem/ig-parameters","code":"apply-publisher"},"value":"true"},{"code":{"system":"http://hl7.org/fhir/tools/CodeSystem/ig-parameters","code":"apply-version"},"value":"true"},{"code":{"system":"http://hl7.org/fhir/tools/CodeSystem/ig-parameters","code":"apply-wg"},"value":"true"},{"code":{"system":"http://hl7.org/fhir/tools/CodeSystem/ig-parameters","code":"active-tables"},"value":"true"},{"code":{"system":"http://hl7.org/fhir/tools/CodeSystem/ig-parameters","code":"fmm-definition"},"value":"http://hl7.org/fhir/versions.html#maturity"},{"code":{"system":"http://hl7.org/fhir/tools/CodeSystem/ig-parameters","code":"propagate-status"},"value":"true"},{"code":{"system":"http://hl7.org/fhir/tools/CodeSystem/ig-parameters","code":"excludelogbinaryformat"},"value":"true"},{"code":{"system":"http://hl7.org/fhir/tools/CodeSystem/ig-parameters","code":"tabbed-snapshots"},"value":"true"}]}}