{"resourceType":"ValueSet","id":"underlying-conditions","text":{"status":"generated","div":"<div xmlns=\"http://www.w3.org/1999/xhtml\"><p class=\"res-header-id\"><b>Generated Narrative: ValueSet underlying-conditions</b></p><a name=\"underlying-conditions\"> </a><a name=\"hcunderlying-conditions\"> </a><a name=\"hcunderlying-conditions-en-US\"> </a><ul><li>Include these codes as defined in <a href=\"http://www.snomed.org/\"><code>http://snomed.info/sct</code></a><table class=\"none\"><tr><td style=\"white-space:nowrap\"><b>Code</b></td><td><b>Display</b></td></tr><tr><td><a href=\"http://snomed.info/id/840539006\">840539006</a></td><td>Human immunodeficiency virus infection</td></tr><tr><td><a href=\"http://snomed.info/id/56265001\">56265001</a></td><td>Heart disease</td></tr><tr><td><a href=\"http://snomed.info/id/13645005\">13645005</a></td><td>Chronic lung disease</td></tr><tr><td><a href=\"http://snomed.info/id/73211009\">73211009</a></td><td>Diabetes Mellitus</td></tr><tr><td><a href=\"http://snomed.info/id/38341003\">38341003</a></td><td>Hypertension</td></tr><tr><td><a href=\"http://snomed.info/id/363346000\">363346000</a></td><td>Cancer</td></tr><tr><td><a href=\"http://snomed.info/id/74400008\">74400008</a></td><td>Gastrointestinal disease</td></tr><tr><td><a href=\"http://snomed.info/id/87628006\">87628006</a></td><td>Immunology condition</td></tr><tr><td><a href=\"http://snomed.info/id/55342001\">55342001</a></td><td>Endocrine disorder</td></tr><tr><td><a href=\"http://snomed.info/id/128599005\">128599005</a></td><td>Musculoskeletal disorder</td></tr><tr><td><a href=\"http://snomed.info/id/281867008\">281867008</a></td><td>Neuromuscular disorder</td></tr><tr><td><a href=\"http://snomed.info/id/9532001\">9532001</a></td><td>Skin disease</td></tr><tr><td><a href=\"http://snomed.info/id/79654002\">79654002</a></td><td>Vascular disorder</td></tr></table></li></ul></div>"},"url":"http://openhie.org/fhir/zambia-immunizations/ValueSet/underlying-conditions","version":"1.0.0","name":"UnderlyingConditions","title":"Underlying Conditions","status":"active","experimental":false,"date":"2024-08-14T13:41:16+02:00","publisher":"Ministry of Health","contact":[{"name":"Ministry of Health","telecom":[{"system":"url","value":"https://www.moh.gov.zm"},{"system":"email","value":"info@moh.gov.zm"}]},{"name":"Chisanga Louis Siwale","telecom":[{"system":"email","value":"chisanga.siwale@moh.gov.zm","use":"work"}]}],"description":"A ValueSet containing Underlying conditions","jurisdiction":[{"coding":[{"system":"http://unstats.un.org/unsd/methods/m49/m49.htm","code":"001","display":"World"}]}],"compose":{"include":[{"system":"http://snomed.info/sct","concept":[{"code":"840539006","display":"Human immunodeficiency virus infection"},{"code":"56265001","display":"Heart disease"},{"code":"13645005","display":"Chronic lung disease"},{"code":"73211009","display":"Diabetes Mellitus"},{"code":"38341003","display":"Hypertension"},{"code":"363346000","display":"Cancer"},{"code":"74400008","display":"Gastrointestinal disease"},{"code":"87628006","display":"Immunology condition"},{"code":"55342001","display":"Endocrine disorder"},{"code":"128599005","display":"Musculoskeletal disorder"},{"code":"281867008","display":"Neuromuscular disorder"},{"code":"9532001","display":"Skin disease"},{"code":"79654002","display":"Vascular disorder"}]}]}}