<?xml version="1.0" encoding="UTF-8"?>

<Observation xmlns="http://hl7.org/fhir">
  <id value="PatientEducationalLevelObservationExample"/>
  <meta>
    <profile value="http://openhie.org/fhir/zambia-immunizations/StructureDefinition/patient-educational-level"/>
  </meta>
  <text>
    <status value="generated"/><div xmlns="http://www.w3.org/1999/xhtml"><p class="res-header-id"><b>Generated Narrative: Observation PatientEducationalLevelObservationExample</b></p><a name="PatientEducationalLevelObservationExample"> </a><a name="hcPatientEducationalLevelObservationExample"> </a><a name="hcPatientEducationalLevelObservationExample-en-US"> </a><p><b>status</b>: Final</p><p><b>category</b>: <span title="Codes:{http://terminology.hl7.org/CodeSystem/observation-category social-history}">Social History</span></p><p><b>code</b>: <span title="Codes:{http://loinc.org LL5338-0}">Highest Education Level</span></p><p><b>subject</b>: <a href="Patient-ImmunizationPatientExample.html">Jane Maria Smith (official) (no stated gender), DoB: 1990-12-12 ( http://openhie.org/fhir/zambia-immunizations/identifier/patient-nrc#999999/99/9)</a></p><p><b>encounter</b>: <a href="Encounter-SmartcareTargetFacilityEncounterExample.html">Encounter: status = completed; class = ambulatory; actualPeriod = 2022-12-01 --&gt; 2023-01-20</a></p><p><b>effective</b>: 2022-11-30</p><p><b>performer</b>: <a href="Organization-OrganizationExample.html">Organization Facility one</a></p><p><b>value</b>: <span title="Codes:{http://openhie.org/fhir/zambia-immunizations/CodeSystem/cs-proprietary-education-level-attained DegreeGraduate}">University undergraduate degree</span></p></div>
  </text>
  <status value="final"/>
  <category>
    <coding>
      <system value="http://terminology.hl7.org/CodeSystem/observation-category"/>
      <code value="social-history"/>
    </coding>
  </category>
  <code>
    <coding>
      <system value="http://loinc.org"/>
      <code value="LL5338-0"/>
    </coding>
  </code>
  <subject>
    <reference value="Patient/ImmunizationPatientExample"/>
  </subject>
  <encounter>
    <reference value="Encounter/SmartcareTargetFacilityEncounterExample"/>
  </encounter>
  <effectiveDateTime value="2022-11-30"/>
  <performer>
    <reference value="Organization/OrganizationExample"/>
  </performer>
  <valueCodeableConcept>
    <coding>
      <system value="http://openhie.org/fhir/zambia-immunizations/CodeSystem/cs-proprietary-education-level-attained"/>
      <code value="DegreeGraduate"/>
    </coding>
    <text value="University undergraduate degree"/>
  </valueCodeableConcept>
</Observation>