<?xml version="1.0" encoding="UTF-8"?>

<Patient xmlns="http://hl7.org/fhir">
  <id value="ImmunizationPatientExample"/>
  <meta>
    <profile value="http://openhie.org/fhir/zambia-immunizations/StructureDefinition/immunization-patient"/>
  </meta>
  <text>
    <status value="generated"/><div xmlns="http://www.w3.org/1999/xhtml"><p class="res-header-id"><b>Generated Narrative: Patient ImmunizationPatientExample</b></p><a name="ImmunizationPatientExample"> </a><a name="hcImmunizationPatientExample"> </a><a name="hcImmunizationPatientExample-en-US"> </a><p style="border: 1px #661aff solid; background-color: #e6e6ff; padding: 10px;">Jane Maria Smith (official) (no stated gender), DoB: 1990-12-12 ( http://openhie.org/fhir/zambia-immunizations/identifier/patient-nrc#999999/99/9)</p><hr/><table class="grid"><tr><td style="background-color: #f3f5da" title="Known Marital status of Patient">Marital Status:</td><td colspan="3"><span title="Codes:{http://terminology.hl7.org/CodeSystem/v3-MaritalStatus M}">Married</span></td></tr><tr><td style="background-color: #f3f5da" title="Alternate names (see the one above)">Alt. Name:</td><td colspan="3">Smitty(Nickname)</td></tr><tr><td style="background-color: #f3f5da" title="Patient Links">Links:</td><td colspan="3"><ul><li>Managing Organization: <a href="Organization-OrganizationExample.html">Organization Facility one</a></li><li>Also see: <a href="RelatedPerson-SpouseRelatedPersonExample.html">RelatedPerson Mike Jones (official)</a></li></ul></td></tr><tr><td style="background-color: #f3f5da" title="This is an extension to capture that patient's administrative sex."><a href="StructureDefinition-administrative-sex.html">Administrative Sex</a></td><td colspan="3"><span title="Codes:{http://terminology.hl7.org/CodeSystem/v2-0001 F}">Female</span></td></tr></table></div>
  </text>
  <extension url="http://openhie.org/fhir/zambia-immunizations/StructureDefinition/administrative-sex">
    <valueCodeableConcept>
      <coding>
        <system value="http://terminology.hl7.org/CodeSystem/v2-0001"/>
        <code value="F"/>
      </coding>
    </valueCodeableConcept>
  </extension>
  <identifier>
    <system value="http://openhie.org/fhir/zambia-immunizations/identifier/patient-nrc"/>
    <value value="999999/99/9"/>
  </identifier>
  <name>
    <use value="official"/>
    <family value="Smith"/>
    <given value="Jane"/>
    <given value="Maria"/>
  </name>
  <name>
    <use value="nickname"/>
    <text value="Smitty"/>
  </name>
  <birthDate value="1990-12-12"/>
  <maritalStatus>
    <coding>
      <system value="http://terminology.hl7.org/CodeSystem/v3-MaritalStatus"/>
      <code value="M"/>
    </coding>
  </maritalStatus>
  <managingOrganization>
    <reference value="Organization/OrganizationExample"/>
  </managingOrganization>
  <link>
    <other>
      <reference value="RelatedPerson/SpouseRelatedPersonExample"/>
    </other>
    <type value="seealso"/>
  </link>
</Patient>