<?xml version="1.0" encoding="UTF-8"?>

<RelatedPerson xmlns="http://hl7.org/fhir">
  <id value="RelationToPatientExample"/>
  <meta>
    <profile value="http://openhie.org/fhir/zambia-immunizations/StructureDefinition/relation-to-patient"/>
  </meta>
  <text>
    <status value="generated"/><div xmlns="http://www.w3.org/1999/xhtml"><p class="res-header-id"><b>Generated Narrative: RelatedPerson RelationToPatientExample</b></p><a name="RelationToPatientExample"> </a><a name="hcRelationToPatientExample"> </a><a name="hcRelationToPatientExample-en-US"> </a><p><b>identifier</b>: <code>http://openhie.org/fhir/zambia-immunizations/identifier/relative-nrc</code>/999999/99/9</p><p><b>patient</b>: <a href="Patient-ImmunizationPatientExample.html">Jane Maria Smith (official) (no stated gender), DoB: 1990-12-12 ( http://openhie.org/fhir/zambia-immunizations/identifier/patient-nrc#999999/99/9)</a></p><p><b>name</b>: Olivia Smith (Official)</p></div>
  </text>
  <identifier>
    <system value="http://openhie.org/fhir/zambia-immunizations/identifier/relative-nrc"/>
    <value value="999999/99/9"/>
  </identifier>
  <patient>
    <reference value="Patient/ImmunizationPatientExample"/>
  </patient>
  <name>
    <use value="official"/>
    <family value="Smith"/>
    <given value="Olivia"/>
  </name>
</RelatedPerson>