<?xml version="1.0" encoding="UTF-8"?>

<ValueSet xmlns="http://hl7.org/fhir">
  <id value="covax-observations"/>
  <text>
    <status value="generated"/><div xmlns="http://www.w3.org/1999/xhtml"><p class="res-header-id"><b>Generated Narrative: ValueSet covax-observations</b></p><a name="covax-observations"> </a><a name="hccovax-observations"> </a><a name="hccovax-observations-en-US"> </a><ul><li>Include these codes as defined in <a href="http://www.snomed.org/"><code>http://snomed.info/sct</code></a><table class="none"><tr><td style="white-space:nowrap"><b>Code</b></td><td><b>Display</b></td></tr><tr><td><a href="http://snomed.info/id/77386006">77386006</a></td><td>Pregnant</td></tr><tr><td><a href="http://snomed.info/id/169907004">169907004</a></td><td>Lactating</td></tr></table></li></ul></div>
  </text>
  <url value="http://openhie.org/fhir/zambia-immunizations/ValueSet/covax-observations"/>
  <version value="1.0.0"/>
  <name value="CovaxObservations"/>
  <title value="COVAX Observations"/>
  <status value="active"/>
  <experimental value="false"/>
  <date value="2024-08-14T13:41:16+02:00"/>
  <publisher value="Ministry of Health"/>
  <contact>
    <name value="Ministry of Health"/>
    <telecom>
      <system value="url"/>
      <value value="https://www.moh.gov.zm"/>
    </telecom>
    <telecom>
      <system value="email"/>
      <value value="info@moh.gov.zm"/>
    </telecom>
  </contact>
  <contact>
    <name value="Chisanga Louis Siwale"/>
    <telecom>
      <system value="email"/>
      <value value="chisanga.siwale@moh.gov.zm"/>
      <use value="work"/>
    </telecom>
  </contact>
  <description value="A ValueSet containing COVID19 vaccination observation"/>
  <jurisdiction>
    <coding>
      <system value="http://unstats.un.org/unsd/methods/m49/m49.htm"/>
      <code value="001"/>
      <display value="World"/>
    </coding>
  </jurisdiction>
  <compose>
    <include>
      <system value="http://snomed.info/sct"/>
      <concept>
        <code value="77386006"/>
        <display value="Pregnant"/>
      </concept>
      <concept>
        <code value="169907004"/>
        <display value="Lactating"/>
      </concept>
    </include>
  </compose>
</ValueSet>