<?xml version="1.0" encoding="UTF-8"?>

<ValueSet xmlns="http://hl7.org/fhir">
  <id value="vs-vaccines"/>
  <text>
    <status value="generated"/><div xmlns="http://www.w3.org/1999/xhtml"><p class="res-header-id"><b>Generated Narrative: ValueSet vs-vaccines</b></p><a name="vs-vaccines"> </a><a name="hcvs-vaccines"> </a><a name="hcvs-vaccines-en-US"> </a><p>This value set includes codes based on the following rules:</p><ul><li>Include these codes as defined in <code>http://id.who.int/icd11/mms</code><table class="none"><tr><td style="white-space:nowrap"><b>Code</b></td><td><b>Display</b></td></tr><tr><td>XM8866</td><td>BBIBP-CorV</td></tr><tr><td>J07AE</td><td>Cholera vaccines</td></tr><tr><td>XM8NQ0</td><td>Comirnaty®</td></tr><tr><td>XM1AG7</td><td>Convidecia</td></tr><tr><td>XM7HT3</td><td>CoronaVac®</td></tr><tr><td>XM1G90</td><td>Covaxin</td></tr><tr><td>XM85P5</td><td>Covi-Vac</td></tr><tr><td>XM68M6</td><td>COVID-19 vaccine</td></tr><tr><td>XM4YL8</td><td>COVID-19 Vaccine AstraZeneca</td></tr><tr><td>XM6QV1</td><td>COVID-19 Vaccine Janssen</td></tr><tr><td>XM3DT5</td><td>COVID-19 Vaccine Moderna</td></tr><tr><td>XM6AT1</td><td>COVID-19 vaccine, DNA based</td></tr><tr><td>XM1NL1</td><td>COVID-19 vaccine, inactivated virus</td></tr><tr><td>XM5DF6</td><td>COVID-19 vaccine, live attenuated virus</td></tr><tr><td>XM9QW8</td><td>COVID-19 vaccine, non-replicating viral vector</td></tr><tr><td>XM0CX4</td><td>COVID-19 vaccine, replicating viral vector</td></tr><tr><td>XM0GQ8</td><td>COVID-19 vaccine, RNA based</td></tr><tr><td>XM1J92</td><td>COVID-19 vaccine, virus like particle (VLP)</td></tr><tr><td>XM5JC5</td><td>COVID-19 vaccine, virus protein subunit</td></tr><tr><td>XM2YG8</td><td>COVIran Barakat</td></tr><tr><td>XM97T2</td><td>Covishield®</td></tr><tr><td>J07AF01</td><td>diphtheria toxoid</td></tr><tr><td>07AF01</td><td>diphtheria toxoid</td></tr><tr><td>J07CA11</td><td>diphtheria-haemophilus influenzae B-pertussis-tetanus-hepatitis B</td></tr><tr><td>XM6SZ8</td><td>EpiVacCorona</td></tr><tr><td>XM5ZJ4</td><td>Gam-Covid-Vac</td></tr><tr><td>XM9FQ7</td><td>Hayat-Vax</td></tr><tr><td>XM3U61</td><td>Inactivated SARS-CoV-2 vaccine</td></tr><tr><td>XM9TQ1</td><td>KCONVAC</td></tr><tr><td>J07BD53</td><td>measles, combinations with rubella, live attenuated</td></tr><tr><td>XM4EC8</td><td>MVC-COV1901</td></tr><tr><td>J07BM01</td><td>papillomavirus (human types 6, 11, 16, 18)</td></tr><tr><td>J07AL02</td><td>pneumococcus, purified polysaccharides antigen conjugated</td></tr><tr><td>J07BF02</td><td>poliomyelitis oral, trivalent, live attenuated</td></tr><tr><td>J07BF03</td><td>poliomyelitis, trivalent, inactivated, whole virus</td></tr><tr><td>XM97N6</td><td>QazVac</td></tr><tr><td>XM3CT4</td><td>Recombinant SARS-CoV-2 vaccine</td></tr><tr><td>J07BH01</td><td>rota virus, live attenuated</td></tr><tr><td>XM3PG0</td><td>Soberana-02</td></tr><tr><td>XM5QM6</td><td>Sputnik-Light</td></tr><tr><td>J07AM51</td><td>tetanus toxoid, combinations with diphtheria toxoid</td></tr><tr><td>J07AN01</td><td>tuberculosis, live attenuated</td></tr><tr><td>XM52P3</td><td>ZyCov-D</td></tr></table></li><li>Include these codes as defined in <a href="http://loinc.org"><code>http://loinc.org</code></a><table class="none"><tr><td style="white-space:nowrap"><b>Code</b></td><td><b>Display</b></td></tr><tr><td><a href="https://loinc.org/LP31687-4/">LP31687-4</a></td><td>Vitamin A</td></tr></table></li></ul></div>
  </text>
  <url value="http://openhie.org/fhir/zambia-immunizations/ValueSet/vs-vaccines"/>
  <version value="1.0.0"/>
  <name value="VSVaccines"/>
  <title value="Vaccine Codes"/>
  <status value="active"/>
  <experimental value="false"/>
  <date value="2024-08-14T13:41:16+02:00"/>
  <publisher value="Ministry of Health"/>
  <contact>
    <name value="Ministry of Health"/>
    <telecom>
      <system value="url"/>
      <value value="https://www.moh.gov.zm"/>
    </telecom>
    <telecom>
      <system value="email"/>
      <value value="info@moh.gov.zm"/>
    </telecom>
  </contact>
  <contact>
    <name value="Chisanga Louis Siwale"/>
    <telecom>
      <system value="email"/>
      <value value="chisanga.siwale@moh.gov.zm"/>
      <use value="work"/>
    </telecom>
  </contact>
  <description value="A List of Vaccine Codes Use In Zambia"/>
  <jurisdiction>
    <coding>
      <system value="http://unstats.un.org/unsd/methods/m49/m49.htm"/>
      <code value="001"/>
      <display value="World"/>
    </coding>
  </jurisdiction>
  <compose>
    <include>
      <system value="http://id.who.int/icd11/mms"/>
      <concept>
        <code value="XM8866"/>
        <display value="BBIBP-CorV"/>
      </concept>
      <concept>
        <code value="J07AE"/>
        <display value="Cholera vaccines"/>
      </concept>
      <concept>
        <code value="XM8NQ0"/>
        <display value="Comirnaty®"/>
      </concept>
      <concept>
        <code value="XM1AG7"/>
        <display value="Convidecia"/>
      </concept>
      <concept>
        <code value="XM7HT3"/>
        <display value="CoronaVac®"/>
      </concept>
      <concept>
        <code value="XM1G90"/>
        <display value="Covaxin"/>
      </concept>
      <concept>
        <code value="XM85P5"/>
        <display value="Covi-Vac"/>
      </concept>
      <concept>
        <code value="XM68M6"/>
        <display value="COVID-19 vaccine"/>
      </concept>
      <concept>
        <code value="XM4YL8"/>
        <display value="COVID-19 Vaccine AstraZeneca"/>
      </concept>
      <concept>
        <code value="XM6QV1"/>
        <display value="COVID-19 Vaccine Janssen"/>
      </concept>
      <concept>
        <code value="XM3DT5"/>
        <display value="COVID-19 Vaccine Moderna"/>
      </concept>
      <concept>
        <code value="XM6AT1"/>
        <display value="COVID-19 vaccine, DNA based"/>
      </concept>
      <concept>
        <code value="XM1NL1"/>
        <display value="COVID-19 vaccine, inactivated virus"/>
      </concept>
      <concept>
        <code value="XM5DF6"/>
        <display value="COVID-19 vaccine, live attenuated virus"/>
      </concept>
      <concept>
        <code value="XM9QW8"/>
        <display value="COVID-19 vaccine, non-replicating viral vector"/>
      </concept>
      <concept>
        <code value="XM0CX4"/>
        <display value="COVID-19 vaccine, replicating viral vector"/>
      </concept>
      <concept>
        <code value="XM0GQ8"/>
        <display value="COVID-19 vaccine, RNA based"/>
      </concept>
      <concept>
        <code value="XM1J92"/>
        <display value="COVID-19 vaccine, virus like particle (VLP)"/>
      </concept>
      <concept>
        <code value="XM5JC5"/>
        <display value="COVID-19 vaccine, virus protein subunit"/>
      </concept>
      <concept>
        <code value="XM2YG8"/>
        <display value="COVIran Barakat"/>
      </concept>
      <concept>
        <code value="XM97T2"/>
        <display value="Covishield®"/>
      </concept>
      <concept>
        <code value="J07AF01"/>
        <display value="diphtheria toxoid"/>
      </concept>
      <concept>
        <code value="07AF01"/>
        <display value="diphtheria toxoid"/>
      </concept>
      <concept>
        <code value="J07CA11"/>
        <display value="diphtheria-haemophilus influenzae B-pertussis-tetanus-hepatitis B"/>
      </concept>
      <concept>
        <code value="XM6SZ8"/>
        <display value="EpiVacCorona"/>
      </concept>
      <concept>
        <code value="XM5ZJ4"/>
        <display value="Gam-Covid-Vac"/>
      </concept>
      <concept>
        <code value="XM9FQ7"/>
        <display value="Hayat-Vax"/>
      </concept>
      <concept>
        <code value="XM3U61"/>
        <display value="Inactivated SARS-CoV-2 vaccine"/>
      </concept>
      <concept>
        <code value="XM9TQ1"/>
        <display value="KCONVAC"/>
      </concept>
      <concept>
        <code value="J07BD53"/>
        <display value="measles, combinations with rubella, live attenuated"/>
      </concept>
      <concept>
        <code value="XM4EC8"/>
        <display value="MVC-COV1901"/>
      </concept>
      <concept>
        <code value="J07BM01"/>
        <display value="papillomavirus (human types 6, 11, 16, 18)"/>
      </concept>
      <concept>
        <code value="J07AL02"/>
        <display value="pneumococcus, purified polysaccharides antigen conjugated"/>
      </concept>
      <concept>
        <code value="J07BF02"/>
        <display value="poliomyelitis oral, trivalent, live attenuated"/>
      </concept>
      <concept>
        <code value="J07BF03"/>
        <display value="poliomyelitis, trivalent, inactivated, whole virus"/>
      </concept>
      <concept>
        <code value="XM97N6"/>
        <display value="QazVac"/>
      </concept>
      <concept>
        <code value="XM3CT4"/>
        <display value="Recombinant SARS-CoV-2 vaccine"/>
      </concept>
      <concept>
        <code value="J07BH01"/>
        <display value="rota virus, live attenuated"/>
      </concept>
      <concept>
        <code value="XM3PG0"/>
        <display value="Soberana-02"/>
      </concept>
      <concept>
        <code value="XM5QM6"/>
        <display value="Sputnik-Light"/>
      </concept>
      <concept>
        <code value="J07AM51"/>
        <display value="tetanus toxoid, combinations with diphtheria toxoid"/>
      </concept>
      <concept>
        <code value="J07AN01"/>
        <display value="tuberculosis, live attenuated"/>
      </concept>
      <concept>
        <code value="XM52P3"/>
        <display value="ZyCov-D"/>
      </concept>
    </include>
    <include>
      <system value="http://loinc.org"/>
      <concept>
        <code value="LP31687-4"/>
        <display value="Vitamin A"/>
      </concept>
    </include>
  </compose>
</ValueSet>