<?xml version="1.0" encoding="UTF-8"?><ImplementationGuide xmlns="http://hl7.org/fhir"><id value="openhie.fhir.zambia-immunizations"/><text><status value="generated"/><div xmlns="http://www.w3.org/1999/xhtml"><p class="res-header-id"><b>Generated Narrative: ImplementationGuide openhie.fhir.zambia-immunizations</b></p><a name="openhie.fhir.zambia-immunizations"> </a><a name="hcopenhie.fhir.zambia-immunizations"> </a><a name="hcopenhie.fhir.zambia-immunizations-en-US"> </a><h2>ZambiaImmunizationsIG</h2><p>The official URL for this implementation guide is: </p><pre>http://openhie.org/fhir/zambia-immunizations/ImplementationGuide/openhie.fhir.zambia-immunizations</pre><div><p>Zambia Immunizations FHIR Implementation Guide.</p>
</div></div></text><url value="http://openhie.org/fhir/zambia-immunizations/ImplementationGuide/openhie.fhir.zambia-immunizations"/><version value="1.0.0"/><name value="ZambiaImmunizationsIG"/><title value="Zambia Immunizations FHIR Implementation Guide"/><status value="active"/><date value="2024-01-30"/><publisher value="Ministry of Health"/><contact><name value="Ministry of Health"/><telecom><system value="url"/><value value="https://www.moh.gov.zm"/></telecom><telecom><system value="email"/><value value="info@moh.gov.zm"/></telecom></contact><contact><name value="Chisanga Louis Siwale"/><telecom><system value="email"/><value value="chisanga.siwale@moh.gov.zm"/><use value="work"/></telecom></contact><description value="Zambia Immunizations FHIR Implementation Guide."/><jurisdiction><coding><system value="http://unstats.un.org/unsd/methods/m49/m49.htm"/><code value="001"/><display value="World"/></coding></jurisdiction><packageId value="openhie.fhir.zambia-immunizations"/><license value="CC0-1.0"/><fhirVersion value="5.0.0"/><dependsOn id="hl7tx"><extension url="http://hl7.org/fhir/tools/StructureDefinition/implementationguide-dependency-comment"><valueMarkdown value="Automatically added as a dependency - all IGs depend on HL7 Terminology"/></extension><uri value="http://terminology.hl7.org/ImplementationGuide/hl7.terminology"/><packageId value="hl7.terminology.r5"/><version value="6.0.2"/></dependsOn><dependsOn id="hl7ext"><extension url="http://hl7.org/fhir/tools/StructureDefinition/implementationguide-dependency-comment"><valueMarkdown value="Automatically added as a dependency - all IGs depend on the HL7 Extension Pack"/></extension><uri value="http://hl7.org/fhir/extensions/ImplementationGuide/hl7.fhir.uv.extensions"/><packageId value="hl7.fhir.uv.extensions.r5"/><version value="5.1.0"/></dependsOn><definition><extension url="http://hl7.org/fhir/tools/StructureDefinition/ig-internal-dependency"><valueCode value="hl7.fhir.uv.tools#0.1.0"/></extension><grouping id="-str-profile"><name value="Structures: Resource Profiles"/><description value="These define constraints on FHIR resources for systems conforming to this implementation guide."/></grouping><grouping id="-str-extension"><name value="Structures: Extension Definitions"/><description value="These define constraints on FHIR data types for systems conforming to this implementation guide."/></grouping><grouping id="-term-valueset"><name value="Terminology: Value Sets"/><description value="These define sets of codes used by systems conforming to this implementation guide."/></grouping><grouping id="-term-codesystem"><name value="Terminology: Code Systems"/><description value="These define new code systems used by systems conforming to this implementation guide."/></grouping><grouping id="-map-structuremap"><name value="Terminology: Structure Maps"/><description value="These define transformations to convert between data structures used by systems conforming to this implementation guide."/></grouping><grouping id="-map-conceptmap"><name value="Terminology: Concept Maps"/><description value="These define transformations to convert between codes by systems conforming with this implementation guide."/></grouping><grouping id="-ex-example"><name value="Example: Example Instances"/><description value="These are example instances that show what data produced and consumed by systems conforming with this implementation guide might look like."/></grouping><resource><extension url="http://hl7.org/fhir/tools/StructureDefinition/resource-sort"><valueInteger value="999999999"/></extension><extension url="http://hl7.org/fhir/StructureDefinition/implementationguide-page"><valueUri value="StructureDefinition-covax-immunization-patient.html"/></extension><reference><reference value="StructureDefinition/covax-immunization-patient"/></reference><name value="COVAX Immunization Patient"/><description value="Patient profile for Covax use case"/><isExample value="false"/><groupingId value="-str-profile"/></resource><resource><extension url="http://hl7.org/fhir/tools/StructureDefinition/resource-sort"><valueInteger value="999999999"/></extension><extension url="http://hl7.org/fhir/StructureDefinition/implementationguide-page"><valueUri value="StructureDefinition-covax-observation.html"/></extension><reference><reference value="StructureDefinition/covax-observation"/></reference><name value="COVAX Observation"/><description value="Profile for capturing observations during vaccination"/><isExample value="false"/><groupingId value="-str-profile"/></resource><resource><extension url="http://hl7.org/fhir/tools/StructureDefinition/resource-sort"><valueInteger value="999999999"/></extension><extension url="http://hl7.org/fhir/StructureDefinition/implementationguide-page"><valueUri value="StructureDefinition-covid19-vaccine-medication.html"/></extension><reference><reference value="StructureDefinition/covid19-vaccine-medication"/></reference><name value="COVID-19 Vaccine Medication"/><description value="A profile for COVID-19 vaccine medications"/><isExample value="false"/><groupingId value="-str-profile"/></resource><resource><extension url="http://hl7.org/fhir/tools/StructureDefinition/resource-sort"><valueInteger value="999999999"/></extension><extension url="http://hl7.org/fhir/StructureDefinition/implementationguide-page"><valueUri value="StructureDefinition-chief-at-birth-relation-to-patient.html"/></extension><reference><reference value="StructureDefinition/chief-at-birth-relation-to-patient"/></reference><name value="Chief at Birth"/><description value="Patient's chief at birth."/><isExample value="false"/><groupingId value="-str-profile"/></resource><resource><extension url="http://hl7.org/fhir/tools/StructureDefinition/resource-sort"><valueInteger value="999999999"/></extension><extension url="http://hl7.org/fhir/StructureDefinition/implementationguide-page"><valueUri value="StructureDefinition-father-relation-to-patient.html"/></extension><reference><reference value="StructureDefinition/father-relation-to-patient"/></reference><name value="Father Relation to Patient"/><description value="The patient's father."/><isExample value="false"/><groupingId value="-str-profile"/></resource><resource><extension url="http://hl7.org/fhir/tools/StructureDefinition/resource-sort"><valueInteger value="999999999"/></extension><extension url="http://hl7.org/fhir/StructureDefinition/implementationguide-page"><valueUri value="StructureDefinition-generic-social-history-observation-profile.html"/></extension><reference><reference value="StructureDefinition/generic-social-history-observation-profile"/></reference><name value="Generic Observation Profile"/><description value="This profile acts as a base profile from which more observation profiles can be derived."/><isExample value="false"/><groupingId value="-str-profile"/></resource><resource><extension url="http://hl7.org/fhir/tools/StructureDefinition/resource-sort"><valueInteger value="999999999"/></extension><extension url="http://hl7.org/fhir/StructureDefinition/implementationguide-page"><valueUri value="StructureDefinition-immunization-patient.html"/></extension><reference><reference value="StructureDefinition/immunization-patient"/></reference><name value="Generic Patient Profile for Immunizations"/><description value="Is used to document demographics and other administrative information about an individual receiving care or other health-related services."/><isExample value="false"/><groupingId value="-str-profile"/></resource><resource><extension url="http://hl7.org/fhir/tools/StructureDefinition/resource-sort"><valueInteger value="999999999"/></extension><extension url="http://hl7.org/fhir/StructureDefinition/implementationguide-page"><valueUri value="StructureDefinition-vaccine-administration.html"/></extension><reference><reference value="StructureDefinition/vaccine-administration"/></reference><name value="Generic Vaccine Administration Profile"/><description value="Records the vaccine administered to the patient."/><isExample value="false"/><groupingId value="-str-profile"/></resource><resource><extension url="http://hl7.org/fhir/tools/StructureDefinition/resource-sort"><valueInteger value="999999999"/></extension><extension url="http://hl7.org/fhir/StructureDefinition/implementationguide-page"><valueUri value="StructureDefinition-guardian-occupation.html"/></extension><reference><reference value="StructureDefinition/guardian-occupation"/></reference><name value="Guardian Occupation"/><description value="Records the current occupation for the guardian"/><isExample value="false"/><groupingId value="-str-profile"/></resource><resource><extension url="http://hl7.org/fhir/tools/StructureDefinition/resource-sort"><valueInteger value="999999999"/></extension><extension url="http://hl7.org/fhir/StructureDefinition/implementationguide-page"><valueUri value="StructureDefinition-guardian-relation-to-patient.html"/></extension><reference><reference value="StructureDefinition/guardian-relation-to-patient"/></reference><name value="Guardian Relation to Patient Profile"/><description value="A guardian to the patient."/><isExample value="false"/><groupingId value="-str-profile"/></resource><resource><extension url="http://hl7.org/fhir/tools/StructureDefinition/resource-sort"><valueInteger value="999999999"/></extension><extension url="http://hl7.org/fhir/StructureDefinition/implementationguide-page"><valueUri value="StructureDefinition-hpv-full-bundle.html"/></extension><reference><reference value="StructureDefinition/hpv-full-bundle"/></reference><name value="HPV Full Bundle"/><description value="This bundle contains all of the HPV resources."/><isExample value="false"/><groupingId value="-str-profile"/></resource><resource><extension url="http://hl7.org/fhir/tools/StructureDefinition/resource-sort"><valueInteger value="999999999"/></extension><extension url="http://hl7.org/fhir/StructureDefinition/implementationguide-page"><valueUri value="StructureDefinition-hpv-immunization.html"/></extension><reference><reference value="StructureDefinition/hpv-immunization"/></reference><name value="HPV Immunization"/><description value="Records the vaccine administered to the patient."/><isExample value="false"/><groupingId value="-str-profile"/></resource><resource><extension url="http://hl7.org/fhir/tools/StructureDefinition/resource-sort"><valueInteger value="999999999"/></extension><extension url="http://hl7.org/fhir/StructureDefinition/implementationguide-page"><valueUri value="StructureDefinition-hpv-immunocomprommised.html"/></extension><reference><reference value="StructureDefinition/hpv-immunocomprommised"/></reference><name value="HPV Immunocomprommised"/><description value="This is to document whether the patient is immunocompromised."/><isExample value="false"/><groupingId value="-str-profile"/></resource><resource><extension url="http://hl7.org/fhir/tools/StructureDefinition/resource-sort"><valueInteger value="999999999"/></extension><extension url="http://hl7.org/fhir/StructureDefinition/implementationguide-page"><valueUri value="StructureDefinition-hpv-vaccine-details.html"/></extension><reference><reference value="StructureDefinition/hpv-vaccine-details"/></reference><name value="HPV Vaccine Details"/><description value="Records the batch number for the vaccine."/><isExample value="false"/><groupingId value="-str-profile"/></resource><resource><extension url="http://hl7.org/fhir/tools/StructureDefinition/resource-sort"><valueInteger value="999999999"/></extension><extension url="http://hl7.org/fhir/StructureDefinition/implementationguide-page"><valueUri value="StructureDefinition-healthcare-service-provider.html"/></extension><reference><reference value="StructureDefinition/healthcare-service-provider"/></reference><name value="Healthcare Service Provider Profile"/><description value="An organization that provides healthcare services."/><isExample value="false"/><groupingId value="-str-profile"/></resource><resource><extension url="http://hl7.org/fhir/tools/StructureDefinition/resource-sort"><valueInteger value="999999999"/></extension><extension url="http://hl7.org/fhir/StructureDefinition/implementationguide-page"><valueUri value="StructureDefinition-patient-educational-level.html"/></extension><reference><reference value="StructureDefinition/patient-educational-level"/></reference><name value="Highest education level attained"/><description value="A patient's highest education level attained"/><isExample value="false"/><groupingId value="-str-profile"/></resource><resource><extension url="http://hl7.org/fhir/tools/StructureDefinition/resource-sort"><valueInteger value="999999999"/></extension><extension url="http://hl7.org/fhir/StructureDefinition/implementationguide-page"><valueUri value="StructureDefinition-medical-insurance.html"/></extension><reference><reference value="StructureDefinition/medical-insurance"/></reference><name value="Insurance or Medical Plan"/><description value="Insurance or medical plan details"/><isExample value="false"/><groupingId value="-str-profile"/></resource><resource><extension url="http://hl7.org/fhir/tools/StructureDefinition/resource-sort"><valueInteger value="999999999"/></extension><extension url="http://hl7.org/fhir/StructureDefinition/implementationguide-page"><valueUri value="StructureDefinition-medical-insurance-company.html"/></extension><reference><reference value="StructureDefinition/medical-insurance-company"/></reference><name value="Medical Insurance Company"/><description value="A company that provides insurance to its subscribers that may include healthcare related policies."/><isExample value="false"/><groupingId value="-str-profile"/></resource><resource><extension url="http://hl7.org/fhir/tools/StructureDefinition/resource-sort"><valueInteger value="999999999"/></extension><extension url="http://hl7.org/fhir/StructureDefinition/implementationguide-page"><valueUri value="StructureDefinition-mother-relation-to-patient.html"/></extension><reference><reference value="StructureDefinition/mother-relation-to-patient"/></reference><name value="Mother Relation to Patient"/><description value="The patient's mother."/><isExample value="false"/><groupingId value="-str-profile"/></resource><resource><extension url="http://hl7.org/fhir/tools/StructureDefinition/resource-sort"><valueInteger value="999999999"/></extension><extension url="http://hl7.org/fhir/StructureDefinition/implementationguide-page"><valueUri value="StructureDefinition-hpv-immunization-patient.html"/></extension><reference><reference value="StructureDefinition/hpv-immunization-patient"/></reference><name value="Patient Profile for HPV Immunizations"/><description value="Is used to document demographics and other administrative information about an individual receiving care or other health-related services."/><isExample value="false"/><groupingId value="-str-profile"/></resource><resource><extension url="http://hl7.org/fhir/tools/StructureDefinition/resource-sort"><valueInteger value="999999999"/></extension><extension url="http://hl7.org/fhir/StructureDefinition/implementationguide-page"><valueUri value="StructureDefinition-smartcare-immunization-patient.html"/></extension><reference><reference value="StructureDefinition/smartcare-immunization-patient"/></reference><name value="Patient Profile for Smartcare Immunizations"/><description value="Is used to document demographics and other administrative information about an individual receiving care or other health-related services."/><isExample value="false"/><groupingId value="-str-profile"/></resource><resource><extension url="http://hl7.org/fhir/tools/StructureDefinition/resource-sort"><valueInteger value="999999999"/></extension><extension url="http://hl7.org/fhir/StructureDefinition/implementationguide-page"><valueUri value="StructureDefinition-date-patient-first-married.html"/></extension><reference><reference value="StructureDefinition/date-patient-first-married"/></reference><name value="Patient's Date of First Marriage"/><description value="Records the date when the patient was first married"/><isExample value="false"/><groupingId value="-str-profile"/></resource><resource><extension url="http://hl7.org/fhir/tools/StructureDefinition/resource-sort"><valueInteger value="999999999"/></extension><extension url="http://hl7.org/fhir/StructureDefinition/implementationguide-page"><valueUri value="StructureDefinition-patient-home-language.html"/></extension><reference><reference value="StructureDefinition/patient-home-language"/></reference><name value="Patient's Home Language"/><description value="Records the home language for the patient"/><isExample value="false"/><groupingId value="-str-profile"/></resource><resource><extension url="http://hl7.org/fhir/tools/StructureDefinition/resource-sort"><valueInteger value="999999999"/></extension><extension url="http://hl7.org/fhir/StructureDefinition/implementationguide-page"><valueUri value="StructureDefinition-relation-to-patient.html"/></extension><reference><reference value="StructureDefinition/relation-to-patient"/></reference><name value="Relation to Patient Profile"/><description value="This profile acts as a base profile from which more specific RelatedPerson profiles can be derived."/><isExample value="false"/><groupingId value="-str-profile"/></resource><resource><extension url="http://hl7.org/fhir/tools/StructureDefinition/resource-sort"><valueInteger value="999999999"/></extension><extension url="http://hl7.org/fhir/StructureDefinition/implementationguide-page"><valueUri value="StructureDefinition-relative-relation-to-patient.html"/></extension><reference><reference value="StructureDefinition/relative-relation-to-patient"/></reference><name value="Relative Relation to Patient"/><description value="The patient's relative."/><isExample value="false"/><groupingId value="-str-profile"/></resource><resource><extension url="http://hl7.org/fhir/tools/StructureDefinition/resource-sort"><valueInteger value="999999999"/></extension><extension url="http://hl7.org/fhir/StructureDefinition/implementationguide-page"><valueUri value="StructureDefinition-smartcare-full-bundle.html"/></extension><reference><reference value="StructureDefinition/smartcare-full-bundle"/></reference><name value="Smartcare Full Bundle"/><description value="This bundle contains all of the Smartcare resources."/><isExample value="false"/><groupingId value="-str-profile"/></resource><resource><extension url="http://hl7.org/fhir/tools/StructureDefinition/resource-sort"><valueInteger value="999999999"/></extension><extension url="http://hl7.org/fhir/StructureDefinition/implementationguide-page"><valueUri value="StructureDefinition-spouse-occupation.html"/></extension><reference><reference value="StructureDefinition/spouse-occupation"/></reference><name value="Spouse Occupation"/><description value="Records the current occupation for the spouse"/><isExample value="false"/><groupingId value="-str-profile"/></resource><resource><extension url="http://hl7.org/fhir/tools/StructureDefinition/resource-sort"><valueInteger value="999999999"/></extension><extension url="http://hl7.org/fhir/StructureDefinition/implementationguide-page"><valueUri value="StructureDefinition-spouse-relation-to-patient.html"/></extension><reference><reference value="StructureDefinition/spouse-relation-to-patient"/></reference><name value="Spouse Relation to Patient"/><description value="The husband or wife, considered in relation to the patient."/><isExample value="false"/><groupingId value="-str-profile"/></resource><resource><extension url="http://hl7.org/fhir/tools/StructureDefinition/resource-sort"><valueInteger value="999999999"/></extension><extension url="http://hl7.org/fhir/StructureDefinition/implementationguide-page"><valueUri value="StructureDefinition-target-facility-encounter.html"/></extension><reference><reference value="StructureDefinition/target-facility-encounter"/></reference><name value="Target Facility Encounter"/><description value="Represents the current facility at which the patient is receiving health services."/><isExample value="false"/><groupingId value="-str-profile"/></resource><resource><extension url="http://hl7.org/fhir/tools/StructureDefinition/resource-sort"><valueInteger value="999999999"/></extension><extension url="http://hl7.org/fhir/StructureDefinition/implementationguide-page"><valueUri value="StructureDefinition-underlying-condition.html"/></extension><reference><reference value="StructureDefinition/underlying-condition"/></reference><name value="Underlying Condition"/><description value="Condition profile for capturing specific underlying conditions"/><isExample value="false"/><groupingId value="-str-profile"/></resource><resource><extension url="http://hl7.org/fhir/tools/StructureDefinition/resource-sort"><valueInteger value="999999999"/></extension><extension url="http://hl7.org/fhir/StructureDefinition/implementationguide-page"><valueUri value="StructureDefinition-hpv-vaccination-site-type.html"/></extension><reference><reference value="StructureDefinition/hpv-vaccination-site-type"/></reference><name value="Vaccination site type in HPV"/><description value="Indicates whether the vaccination was administered at the facility or at an outreach post."/><isExample value="false"/><groupingId value="-str-profile"/></resource><resource><extension url="http://hl7.org/fhir/tools/StructureDefinition/resource-sort"><valueInteger value="999999999"/></extension><extension url="http://hl7.org/fhir/StructureDefinition/implementationguide-page"><valueUri value="StructureDefinition-smartcare-vaccination-site-type.html"/></extension><reference><reference value="StructureDefinition/smartcare-vaccination-site-type"/></reference><name value="Vaccination site type in Smartcare"/><description value="Indicates whether the vaccination was administered at the facility or at an outreach post."/><isExample value="false"/><groupingId value="-str-profile"/></resource><resource><extension url="http://hl7.org/fhir/tools/StructureDefinition/resource-sort"><valueInteger value="999999999"/></extension><extension url="http://hl7.org/fhir/StructureDefinition/implementationguide-page"><valueUri value="StructureDefinition-administrative-sex.html"/></extension><reference><reference value="StructureDefinition/administrative-sex"/></reference><name value="Administrative Sex"/><description value="This is an extension to capture that patient's administrative sex."/><isExample value="false"/><groupingId value="-str-extension"/></resource><resource><extension url="http://hl7.org/fhir/tools/StructureDefinition/resource-sort"><valueInteger value="999999999"/></extension><extension url="http://hl7.org/fhir/StructureDefinition/implementationguide-page"><valueUri value="StructureDefinition-hpv-vaccination-patient-registration-date.html"/></extension><reference><reference value="StructureDefinition/hpv-vaccination-patient-registration-date"/></reference><name value="HPV Patient Registration Date"/><description value="A date representing when the patient was registered for HPV vaccination."/><isExample value="false"/><groupingId value="-str-extension"/></resource><resource><extension url="http://hl7.org/fhir/tools/StructureDefinition/resource-sort"><valueInteger value="999999999"/></extension><extension url="http://hl7.org/fhir/StructureDefinition/implementationguide-page"><valueUri value="StructureDefinition-born-in-zambia.html"/></extension><reference><reference value="StructureDefinition/born-in-zambia"/></reference><name value="Patient born in Zambia?"/><description value="This is an extension to capture whether the patient was born in Zambia."/><isExample value="false"/><groupingId value="-str-extension"/></resource><resource><extension url="http://hl7.org/fhir/tools/StructureDefinition/resource-sort"><valueInteger value="999999999"/></extension><extension url="http://hl7.org/fhir/StructureDefinition/implementationguide-page"><valueUri value="StructureDefinition-is-estimated-date-of-birth.html"/></extension><reference><reference value="StructureDefinition/is-estimated-date-of-birth"/></reference><name value="Patient's Date of Birth Is Estimated?"/><description value="This is an extension to capture whether the patient's date of birth was estimated."/><isExample value="false"/><groupingId value="-str-extension"/></resource><resource><extension url="http://hl7.org/fhir/tools/StructureDefinition/resource-sort"><valueInteger value="999999999"/></extension><extension url="http://hl7.org/fhir/StructureDefinition/implementationguide-page"><valueUri value="ValueSet-vs-administrative-sex.html"/></extension><reference><reference value="ValueSet/vs-administrative-sex"/></reference><name value="Administrative Sex"/><description value="A List of Administrative Sex codes."/><isExample value="false"/><groupingId value="-term-valueset"/></resource><resource><extension url="http://hl7.org/fhir/tools/StructureDefinition/resource-sort"><valueInteger value="999999999"/></extension><extension url="http://hl7.org/fhir/StructureDefinition/implementationguide-page"><valueUri value="ValueSet-covax-observations.html"/></extension><reference><reference value="ValueSet/covax-observations"/></reference><name value="COVAX Observations"/><description value="A ValueSet containing COVID19 vaccination observation"/><isExample value="false"/><groupingId value="-term-valueset"/></resource><resource><extension url="http://hl7.org/fhir/tools/StructureDefinition/resource-sort"><valueInteger value="999999999"/></extension><extension url="http://hl7.org/fhir/StructureDefinition/implementationguide-page"><valueUri value="ValueSet-vs-home-language.html"/></extension><reference><reference value="ValueSet/vs-home-language"/></reference><name value="Patient's Home Language"/><description value="A list of languages."/><isExample value="false"/><groupingId value="-term-valueset"/></resource><resource><extension url="http://hl7.org/fhir/tools/StructureDefinition/resource-sort"><valueInteger value="999999999"/></extension><extension url="http://hl7.org/fhir/StructureDefinition/implementationguide-page"><valueUri value="ValueSet-vs-loinc-education-level-attained.html"/></extension><reference><reference value="ValueSet/vs-loinc-education-level-attained"/></reference><name value="Patient's highest education level attained (LOINC)"/><description value="A list of LOINC education levels."/><isExample value="false"/><groupingId value="-term-valueset"/></resource><resource><extension url="http://hl7.org/fhir/tools/StructureDefinition/resource-sort"><valueInteger value="999999999"/></extension><extension url="http://hl7.org/fhir/StructureDefinition/implementationguide-page"><valueUri value="ValueSet-vs-proprietary-education-level-attained.html"/></extension><reference><reference value="ValueSet/vs-proprietary-education-level-attained"/></reference><name value="Patient's highest education level attained (Proprietary)"/><description value="A list of proprietary education levels."/><isExample value="false"/><groupingId value="-term-valueset"/></resource><resource><extension url="http://hl7.org/fhir/tools/StructureDefinition/resource-sort"><valueInteger value="999999999"/></extension><extension url="http://hl7.org/fhir/StructureDefinition/implementationguide-page"><valueUri value="ValueSet-underlying-conditions.html"/></extension><reference><reference value="ValueSet/underlying-conditions"/></reference><name value="Underlying Conditions"/><description value="A ValueSet containing Underlying conditions"/><isExample value="false"/><groupingId value="-term-valueset"/></resource><resource><extension url="http://hl7.org/fhir/tools/StructureDefinition/resource-sort"><valueInteger value="999999999"/></extension><extension url="http://hl7.org/fhir/StructureDefinition/implementationguide-page"><valueUri value="ValueSet-vs-proprietary-hpv-vaccination-site.html"/></extension><reference><reference value="ValueSet/vs-proprietary-hpv-vaccination-site"/></reference><name value="Vaccination site types in HPV (Proprietary)"/><description value="A list of vaccination sites (posts) where the vaccination was administered."/><isExample value="false"/><groupingId value="-term-valueset"/></resource><resource><extension url="http://hl7.org/fhir/tools/StructureDefinition/resource-sort"><valueInteger value="999999999"/></extension><extension url="http://hl7.org/fhir/StructureDefinition/implementationguide-page"><valueUri value="ValueSet-vs-proprietary-smartcare-vaccination-site.html"/></extension><reference><reference value="ValueSet/vs-proprietary-smartcare-vaccination-site"/></reference><name value="Vaccination site types in Smartcare (Proprietary)"/><description value="A list of vaccination sites (posts) where the vaccination was administered."/><isExample value="false"/><groupingId value="-term-valueset"/></resource><resource><extension url="http://hl7.org/fhir/tools/StructureDefinition/resource-sort"><valueInteger value="999999999"/></extension><extension url="http://hl7.org/fhir/StructureDefinition/implementationguide-page"><valueUri value="ValueSet-vs-vaccines.html"/></extension><reference><reference value="ValueSet/vs-vaccines"/></reference><name value="Vaccine Codes"/><description value="A List of Vaccine Codes Use In Zambia"/><isExample value="false"/><groupingId value="-term-valueset"/></resource><resource><extension url="http://hl7.org/fhir/tools/StructureDefinition/resource-sort"><valueInteger value="999999999"/></extension><extension url="http://hl7.org/fhir/StructureDefinition/implementationguide-page"><valueUri value="CodeSystem-cs-home-language.html"/></extension><reference><reference value="CodeSystem/cs-home-language"/></reference><name value="Patient's Home Language"/><description value="A list of languages."/><isExample value="false"/><groupingId value="-term-codesystem"/></resource><resource><extension url="http://hl7.org/fhir/tools/StructureDefinition/resource-sort"><valueInteger value="999999999"/></extension><extension url="http://hl7.org/fhir/StructureDefinition/implementationguide-page"><valueUri value="CodeSystem-cs-proprietary-education-level-attained.html"/></extension><reference><reference value="CodeSystem/cs-proprietary-education-level-attained"/></reference><name value="Patient's highest education level attained (Proprietary)"/><description value="A list of proprietary education levels."/><isExample value="false"/><groupingId value="-term-codesystem"/></resource><resource><extension url="http://hl7.org/fhir/tools/StructureDefinition/resource-sort"><valueInteger value="999999999"/></extension><extension url="http://hl7.org/fhir/StructureDefinition/implementationguide-page"><valueUri value="CodeSystem-cs-proprietary-hpv-vaccination-site.html"/></extension><reference><reference value="CodeSystem/cs-proprietary-hpv-vaccination-site"/></reference><name value="Vaccination site types in HPV (Proprietary)"/><description value="A list of vaccination sites (posts) where the vaccination was administered."/><isExample value="false"/><groupingId value="-term-codesystem"/></resource><resource><extension url="http://hl7.org/fhir/tools/StructureDefinition/resource-sort"><valueInteger value="999999999"/></extension><extension url="http://hl7.org/fhir/StructureDefinition/implementationguide-page"><valueUri value="CodeSystem-cs-proprietary-smartcare-vaccination-site.html"/></extension><reference><reference value="CodeSystem/cs-proprietary-smartcare-vaccination-site"/></reference><name value="Vaccination site types in Smartcare (Proprietary)"/><description value="A list of vaccination sites (posts) where the vaccination was administered."/><isExample value="false"/><groupingId value="-term-codesystem"/></resource><resource><extension url="http://hl7.org/fhir/tools/StructureDefinition/resource-sort"><valueInteger value="999999999"/></extension><extension url="http://hl7.org/fhir/StructureDefinition/implementationguide-page"><valueUri value="StructureMap-PropietaryEducationLevelToLOINCEducationLevel.html"/></extension><reference><reference value="StructureMap/PropietaryEducationLevelToLOINCEducationLevel"/></reference><name value="Propietary Educational Level To LOINC Educational Level"/><description value="Maps the Propietary Educational Level codes To LOINC Educational Level codes."/><groupingId value="-map-structuremap"/></resource><resource><extension url="http://hl7.org/fhir/tools/StructureDefinition/resource-sort"><valueInteger value="999999999"/></extension><extension url="http://hl7.org/fhir/StructureDefinition/implementationguide-page"><valueUri value="ConceptMap-ProprietaryEducationLevelToLOINCEducationLevel.html"/></extension><reference><reference value="ConceptMap/ProprietaryEducationLevelToLOINCEducationLevel"/></reference><name value="Proprietary Education Level to LOINC Education Level"/><description value="Mapping to and from Proprietary Education Level to LOINC Education Level."/><isExample value="false"/><groupingId value="-map-conceptmap"/></resource><resource><extension url="http://hl7.org/fhir/tools/StructureDefinition/resource-sort"><valueInteger value="999999999"/></extension><extension url="http://hl7.org/fhir/StructureDefinition/implementationguide-page"><valueUri value="RelatedPerson-ChiefAtBirthRelatedPersonExample.html"/></extension><reference><reference value="RelatedPerson/ChiefAtBirthRelatedPersonExample"/></reference><name value="Chief at Birth"/><description value="Patient's chief at birth."/><isExample value="true"/><profile value="http://openhie.org/fhir/zambia-immunizations/StructureDefinition/chief-at-birth-relation-to-patient"/><groupingId value="-ex-example"/></resource><resource><extension url="http://hl7.org/fhir/tools/StructureDefinition/resource-sort"><valueInteger value="999999999"/></extension><extension url="http://hl7.org/fhir/StructureDefinition/implementationguide-page"><valueUri value="RelatedPerson-PatientFatherRelatedPersonExample.html"/></extension><reference><reference value="RelatedPerson/PatientFatherRelatedPersonExample"/></reference><name value="Father Relation to Patient"/><description value="The patient's father."/><isExample value="true"/><profile value="http://openhie.org/fhir/zambia-immunizations/StructureDefinition/father-relation-to-patient"/><groupingId value="-ex-example"/></resource><resource><extension url="http://hl7.org/fhir/tools/StructureDefinition/resource-sort"><valueInteger value="999999999"/></extension><extension url="http://hl7.org/fhir/StructureDefinition/implementationguide-page"><valueUri value="Patient-ImmunizationPatientExample.html"/></extension><reference><reference value="Patient/ImmunizationPatientExample"/></reference><name value="Generic Immunization Patient"/><description value="Is used to document demographics and other administrative information about an individual receiving care or other health-related services."/><isExample value="true"/><profile value="http://openhie.org/fhir/zambia-immunizations/StructureDefinition/immunization-patient"/><groupingId value="-ex-example"/></resource><resource><extension url="http://hl7.org/fhir/tools/StructureDefinition/resource-sort"><valueInteger value="999999999"/></extension><extension url="http://hl7.org/fhir/StructureDefinition/implementationguide-page"><valueUri value="RelatedPerson-RelationToPatientExample.html"/></extension><reference><reference value="RelatedPerson/RelationToPatientExample"/></reference><name value="Generic Relation to Patient"/><description value="This profile acts as a base profile from which more specific RelatedPerson profiles can be derived."/><isExample value="true"/><profile value="http://openhie.org/fhir/zambia-immunizations/StructureDefinition/relation-to-patient"/><groupingId value="-ex-example"/></resource><resource><extension url="http://hl7.org/fhir/tools/StructureDefinition/resource-sort"><valueInteger value="999999999"/></extension><extension url="http://hl7.org/fhir/StructureDefinition/implementationguide-page"><valueUri value="Observation-GenericObservationExample.html"/></extension><reference><reference value="Observation/GenericObservationExample"/></reference><name value="Generic Social History Observation Profile"/><description value="This profile acts as a base profile from which more specific social history observation profiles can be derived."/><isExample value="true"/><profile value="http://openhie.org/fhir/zambia-immunizations/StructureDefinition/generic-social-history-observation-profile"/><groupingId value="-ex-example"/></resource><resource><extension url="http://hl7.org/fhir/tools/StructureDefinition/resource-sort"><valueInteger value="999999999"/></extension><extension url="http://hl7.org/fhir/StructureDefinition/implementationguide-page"><valueUri value="Observation-GuardianOccupationObservationExample.html"/></extension><reference><reference value="Observation/GuardianOccupationObservationExample"/></reference><name value="Guardian Occupation"/><description value="Records the current occupation for the guardian"/><isExample value="true"/><profile value="http://openhie.org/fhir/zambia-immunizations/StructureDefinition/guardian-occupation"/><groupingId value="-ex-example"/></resource><resource><extension url="http://hl7.org/fhir/tools/StructureDefinition/resource-sort"><valueInteger value="999999999"/></extension><extension url="http://hl7.org/fhir/StructureDefinition/implementationguide-page"><valueUri value="RelatedPerson-HPVGuardianRelatedPersonExample.html"/></extension><reference><reference value="RelatedPerson/HPVGuardianRelatedPersonExample"/></reference><name value="Guardian Relation to Patient in HPV"/><description value="A guardian to the patient."/><isExample value="true"/><profile value="http://openhie.org/fhir/zambia-immunizations/StructureDefinition/guardian-relation-to-patient"/><groupingId value="-ex-example"/></resource><resource><extension url="http://hl7.org/fhir/tools/StructureDefinition/resource-sort"><valueInteger value="999999999"/></extension><extension url="http://hl7.org/fhir/StructureDefinition/implementationguide-page"><valueUri value="RelatedPerson-SmartcareGuardianRelatedPersonExample.html"/></extension><reference><reference value="RelatedPerson/SmartcareGuardianRelatedPersonExample"/></reference><name value="Guardian Relation to Patient in Smartcare"/><description value="A guardian to the patient."/><isExample value="true"/><profile value="http://openhie.org/fhir/zambia-immunizations/StructureDefinition/guardian-relation-to-patient"/><groupingId value="-ex-example"/></resource><resource><extension url="http://hl7.org/fhir/tools/StructureDefinition/resource-sort"><valueInteger value="999999999"/></extension><extension url="http://hl7.org/fhir/StructureDefinition/implementationguide-page"><valueUri value="Bundle-HPVFullBundleExample.html"/></extension><reference><reference value="Bundle/HPVFullBundleExample"/></reference><name value="HPV Bundle"/><description value="A bundle containing all HPV FHIR resources."/><isExample value="true"/><profile value="http://openhie.org/fhir/zambia-immunizations/StructureDefinition/hpv-full-bundle"/><groupingId value="-ex-example"/></resource><resource><extension url="http://hl7.org/fhir/tools/StructureDefinition/resource-sort"><valueInteger value="999999999"/></extension><extension url="http://hl7.org/fhir/StructureDefinition/implementationguide-page"><valueUri value="Immunization-HPVImmunizationExample.html"/></extension><reference><reference value="Immunization/HPVImmunizationExample"/></reference><name value="HPV Immunization Example"/><description value="Records the vaccine administered to the patient."/><isExample value="true"/><profile value="http://openhie.org/fhir/zambia-immunizations/StructureDefinition/hpv-immunization"/><groupingId value="-ex-example"/></resource><resource><extension url="http://hl7.org/fhir/tools/StructureDefinition/resource-sort"><valueInteger value="999999999"/></extension><extension url="http://hl7.org/fhir/StructureDefinition/implementationguide-page"><valueUri value="Observation-HPVImmunocomprommisedExample.html"/></extension><reference><reference value="Observation/HPVImmunocomprommisedExample"/></reference><name value="HPV Immunocomprommised"/><description value="This is to document whether the HPV patient has been observed to be immunocomprommised."/><isExample value="true"/><profile value="http://openhie.org/fhir/zambia-immunizations/StructureDefinition/hpv-immunocomprommised"/><groupingId value="-ex-example"/></resource><resource><extension url="http://hl7.org/fhir/tools/StructureDefinition/resource-sort"><valueInteger value="999999999"/></extension><extension url="http://hl7.org/fhir/StructureDefinition/implementationguide-page"><valueUri value="Medication-HPVVaccineExample.html"/></extension><reference><reference value="Medication/HPVVaccineExample"/></reference><name value="HPV Vaccine Details"/><description value="Records the batch number for the vaccine."/><isExample value="true"/><profile value="http://openhie.org/fhir/zambia-immunizations/StructureDefinition/hpv-vaccine-details"/><groupingId value="-ex-example"/></resource><resource><extension url="http://hl7.org/fhir/tools/StructureDefinition/resource-sort"><valueInteger value="999999999"/></extension><extension url="http://hl7.org/fhir/StructureDefinition/implementationguide-page"><valueUri value="Organization-OrganizationExample.html"/></extension><reference><reference value="Organization/OrganizationExample"/></reference><name value="Healthcare Service Provider"/><description value="An organization that provides healthcare services."/><isExample value="true"/><profile value="http://openhie.org/fhir/zambia-immunizations/StructureDefinition/healthcare-service-provider"/><groupingId value="-ex-example"/></resource><resource><extension url="http://hl7.org/fhir/tools/StructureDefinition/resource-sort"><valueInteger value="999999999"/></extension><extension url="http://hl7.org/fhir/StructureDefinition/implementationguide-page"><valueUri value="Observation-PatientEducationalLevelObservationExample.html"/></extension><reference><reference value="Observation/PatientEducationalLevelObservationExample"/></reference><name value="Highest education level attained"/><description value="A patient's highest education level attained"/><isExample value="true"/><profile value="http://openhie.org/fhir/zambia-immunizations/StructureDefinition/patient-educational-level"/><groupingId value="-ex-example"/></resource><resource><extension url="http://hl7.org/fhir/tools/StructureDefinition/resource-sort"><valueInteger value="999999999"/></extension><extension url="http://hl7.org/fhir/StructureDefinition/implementationguide-page"><valueUri value="Patient-HPVImmunizationPatientExample.html"/></extension><reference><reference value="Patient/HPVImmunizationPatientExample"/></reference><name value="Immunization Patient in HPV"/><description value="Is used to document demographics and other administrative information about an individual receiving care or other health-related services."/><isExample value="true"/><profile value="http://openhie.org/fhir/zambia-immunizations/StructureDefinition/hpv-immunization-patient"/><groupingId value="-ex-example"/></resource><resource><extension url="http://hl7.org/fhir/tools/StructureDefinition/resource-sort"><valueInteger value="999999999"/></extension><extension url="http://hl7.org/fhir/StructureDefinition/implementationguide-page"><valueUri value="Patient-SmartcareImmunizationPatientExample.html"/></extension><reference><reference value="Patient/SmartcareImmunizationPatientExample"/></reference><name value="Immunization Patient in Smartcare"/><description value="Is used to document demographics and other administrative information about an individual receiving care or other health-related services."/><isExample value="true"/><profile value="http://openhie.org/fhir/zambia-immunizations/StructureDefinition/smartcare-immunization-patient"/><groupingId value="-ex-example"/></resource><resource><extension url="http://hl7.org/fhir/tools/StructureDefinition/resource-sort"><valueInteger value="999999999"/></extension><extension url="http://hl7.org/fhir/StructureDefinition/implementationguide-page"><valueUri value="Coverage-MedicalInsuranceExample.html"/></extension><reference><reference value="Coverage/MedicalInsuranceExample"/></reference><name value="Insurance or Medical Plan"/><description value="Insurance or medical plan details"/><isExample value="true"/><profile value="http://openhie.org/fhir/zambia-immunizations/StructureDefinition/medical-insurance"/><groupingId value="-ex-example"/></resource><resource><extension url="http://hl7.org/fhir/tools/StructureDefinition/resource-sort"><valueInteger value="999999999"/></extension><extension url="http://hl7.org/fhir/StructureDefinition/implementationguide-page"><valueUri value="Organization-MedicalInsuranceCompanyExample.html"/></extension><reference><reference value="Organization/MedicalInsuranceCompanyExample"/></reference><name value="Medical Insurance Company"/><description value="A company that provides insurance to its subscribers that may include healthcare related policies."/><isExample value="true"/><profile value="http://openhie.org/fhir/zambia-immunizations/StructureDefinition/medical-insurance-company"/><groupingId value="-ex-example"/></resource><resource><extension url="http://hl7.org/fhir/tools/StructureDefinition/resource-sort"><valueInteger value="999999999"/></extension><extension url="http://hl7.org/fhir/StructureDefinition/implementationguide-page"><valueUri value="RelatedPerson-PatientMotherRelatedPersonExample.html"/></extension><reference><reference value="RelatedPerson/PatientMotherRelatedPersonExample"/></reference><name value="Mother Relation to Patient"/><description value="The patient's mother."/><isExample value="true"/><profile value="http://openhie.org/fhir/zambia-immunizations/StructureDefinition/mother-relation-to-patient"/><groupingId value="-ex-example"/></resource><resource><extension url="http://hl7.org/fhir/tools/StructureDefinition/resource-sort"><valueInteger value="999999999"/></extension><extension url="http://hl7.org/fhir/StructureDefinition/implementationguide-page"><valueUri value="Observation-DatePatientFirstMarriedObservationExample.html"/></extension><reference><reference value="Observation/DatePatientFirstMarriedObservationExample"/></reference><name value="Patient's Date of First Marriage"/><description value="Records the date when the patient was first married"/><isExample value="true"/><profile value="http://openhie.org/fhir/zambia-immunizations/StructureDefinition/date-patient-first-married"/><groupingId value="-ex-example"/></resource><resource><extension url="http://hl7.org/fhir/tools/StructureDefinition/resource-sort"><valueInteger value="999999999"/></extension><extension url="http://hl7.org/fhir/StructureDefinition/implementationguide-page"><valueUri value="Observation-PatientHomeLanguageObservationExample.html"/></extension><reference><reference value="Observation/PatientHomeLanguageObservationExample"/></reference><name value="Patient's Home Language"/><description value="Records the home language for the patient"/><isExample value="true"/><profile value="http://openhie.org/fhir/zambia-immunizations/StructureDefinition/patient-home-language"/><groupingId value="-ex-example"/></resource><resource><extension url="http://hl7.org/fhir/tools/StructureDefinition/resource-sort"><valueInteger value="999999999"/></extension><extension url="http://hl7.org/fhir/StructureDefinition/implementationguide-page"><valueUri value="RelatedPerson-RelativeRelatedPersonExample.html"/></extension><reference><reference value="RelatedPerson/RelativeRelatedPersonExample"/></reference><name value="Relative Relation to Patient"/><description value="The patient's relative."/><isExample value="true"/><profile value="http://openhie.org/fhir/zambia-immunizations/StructureDefinition/relative-relation-to-patient"/><groupingId value="-ex-example"/></resource><resource><extension url="http://hl7.org/fhir/tools/StructureDefinition/resource-sort"><valueInteger value="999999999"/></extension><extension url="http://hl7.org/fhir/StructureDefinition/implementationguide-page"><valueUri value="Bundle-Smartcare.html"/></extension><reference><reference value="Bundle/Smartcare"/></reference><name value="Smartcare Bundle"/><description value="A bundle containing all Smartcare FHIR resources."/><isExample value="true"/><profile value="http://openhie.org/fhir/zambia-immunizations/StructureDefinition/smartcare-full-bundle"/><groupingId value="-ex-example"/></resource><resource><extension url="http://hl7.org/fhir/tools/StructureDefinition/resource-sort"><valueInteger value="999999999"/></extension><extension url="http://hl7.org/fhir/StructureDefinition/implementationguide-page"><valueUri value="Observation-SpouseOccupationObservationExample.html"/></extension><reference><reference value="Observation/SpouseOccupationObservationExample"/></reference><name value="Spouse Occupation"/><description value="Records the current occupation for the spouse"/><isExample value="true"/><profile value="http://openhie.org/fhir/zambia-immunizations/StructureDefinition/spouse-occupation"/><groupingId value="-ex-example"/></resource><resource><extension url="http://hl7.org/fhir/tools/StructureDefinition/resource-sort"><valueInteger value="999999999"/></extension><extension url="http://hl7.org/fhir/StructureDefinition/implementationguide-page"><valueUri value="RelatedPerson-SpouseRelatedPersonExample.html"/></extension><reference><reference value="RelatedPerson/SpouseRelatedPersonExample"/></reference><name value="Spouse Related to Patient"/><description value="The husband or wife, considered in relation to the patient."/><isExample value="true"/><profile value="http://openhie.org/fhir/zambia-immunizations/StructureDefinition/spouse-relation-to-patient"/><groupingId value="-ex-example"/></resource><resource><extension url="http://hl7.org/fhir/tools/StructureDefinition/resource-sort"><valueInteger value="999999999"/></extension><extension url="http://hl7.org/fhir/StructureDefinition/implementationguide-page"><valueUri value="Encounter-HPVTargetFacilityEncounterExample.html"/></extension><reference><reference value="Encounter/HPVTargetFacilityEncounterExample"/></reference><name value="Target Facility Encounter in HPV"/><description value="Represents the current facility at which the patient is receiving health services."/><isExample value="true"/><profile value="http://openhie.org/fhir/zambia-immunizations/StructureDefinition/target-facility-encounter"/><groupingId value="-ex-example"/></resource><resource><extension url="http://hl7.org/fhir/tools/StructureDefinition/resource-sort"><valueInteger value="999999999"/></extension><extension url="http://hl7.org/fhir/StructureDefinition/implementationguide-page"><valueUri value="Encounter-SmartcareTargetFacilityEncounterExample.html"/></extension><reference><reference value="Encounter/SmartcareTargetFacilityEncounterExample"/></reference><name value="Target Facility Encounter in Smartcare"/><description value="Represents the current facility at which the patient is receiving health services."/><isExample value="true"/><profile value="http://openhie.org/fhir/zambia-immunizations/StructureDefinition/target-facility-encounter"/><groupingId value="-ex-example"/></resource><resource><extension url="http://hl7.org/fhir/tools/StructureDefinition/resource-sort"><valueInteger value="999999999"/></extension><extension url="http://hl7.org/fhir/StructureDefinition/implementationguide-page"><valueUri value="Organization-SmartcareVaccinationSiteTypeExample.html"/></extension><reference><reference value="Organization/SmartcareVaccinationSiteTypeExample"/></reference><name value="Vaccination site type"/><description value="Indicates whether the vaccination was administered at the facility or at an outreach post."/><isExample value="true"/><profile value="http://openhie.org/fhir/zambia-immunizations/StructureDefinition/smartcare-vaccination-site-type"/><groupingId value="-ex-example"/></resource><resource><extension url="http://hl7.org/fhir/tools/StructureDefinition/resource-sort"><valueInteger value="999999999"/></extension><extension url="http://hl7.org/fhir/StructureDefinition/implementationguide-page"><valueUri value="Organization-HPVVaccinationSiteTypeExample.html"/></extension><reference><reference value="Organization/HPVVaccinationSiteTypeExample"/></reference><name value="Vaccination site type in HPV"/><description value="Indicates whether the vaccination was administered at the facility or at an outreach post."/><isExample value="true"/><profile value="http://openhie.org/fhir/zambia-immunizations/StructureDefinition/hpv-vaccination-site-type"/><groupingId value="-ex-example"/></resource><resource><extension url="http://hl7.org/fhir/tools/StructureDefinition/resource-sort"><valueInteger value="999999999"/></extension><extension url="http://hl7.org/fhir/StructureDefinition/implementationguide-page"><valueUri value="Immunization-VaccinesExample.html"/></extension><reference><reference value="Immunization/VaccinesExample"/></reference><name value="Vaccine Administration"/><description value="Records the vaccine administered to the patient."/><isExample value="true"/><profile value="http://openhie.org/fhir/zambia-immunizations/StructureDefinition/vaccine-administration"/><groupingId value="-ex-example"/></resource><page><sourceUrl value="toc.html"/><name value="toc.html"/><title value="Table of Contents"/><generation value="html"/><page><sourceUrl value="index.html"/><name value="index.html"/><title value="Home"/><generation value="html"/></page><page><sourceUrl value="changes.html"/><name value="changes.html"/><title value="Changes"/><generation value="html"/></page><page><sourceUrl value="artifacts.html"/><name value="artifacts.html"/><title value="Artifacts Summary"/><generation value="html"/><page><sourceUrl value="StructureDefinition-chief-at-birth-relation-to-patient.html"/><name value="StructureDefinition-chief-at-birth-relation-to-patient.html"/><title value="Chief at Birth"/><generation value="generated"/></page><page><sourceUrl value="StructureDefinition-covax-immunization-patient.html"/><name value="StructureDefinition-covax-immunization-patient.html"/><title value="COVAX Immunization Patient"/><generation value="generated"/></page><page><sourceUrl value="StructureDefinition-covax-observation.html"/><name value="StructureDefinition-covax-observation.html"/><title value="COVAX Observation"/><generation value="generated"/></page><page><sourceUrl value="StructureDefinition-covid19-vaccine-medication.html"/><name value="StructureDefinition-covid19-vaccine-medication.html"/><title value="COVID-19 Vaccine Medication"/><generation value="generated"/></page><page><sourceUrl value="StructureDefinition-father-relation-to-patient.html"/><name value="StructureDefinition-father-relation-to-patient.html"/><title value="Father Relation to Patient"/><generation value="generated"/></page><page><sourceUrl value="StructureDefinition-generic-social-history-observation-profile.html"/><name value="StructureDefinition-generic-social-history-observation-profile.html"/><title value="Generic Observation Profile"/><generation value="generated"/></page><page><sourceUrl value="StructureDefinition-immunization-patient.html"/><name value="StructureDefinition-immunization-patient.html"/><title value="Generic Patient Profile for Immunizations"/><generation value="generated"/></page><page><sourceUrl value="StructureDefinition-vaccine-administration.html"/><name value="StructureDefinition-vaccine-administration.html"/><title value="Generic Vaccine Administration Profile"/><generation value="generated"/></page><page><sourceUrl value="StructureDefinition-guardian-occupation.html"/><name value="StructureDefinition-guardian-occupation.html"/><title value="Guardian Occupation"/><generation value="generated"/></page><page><sourceUrl value="StructureDefinition-guardian-relation-to-patient.html"/><name value="StructureDefinition-guardian-relation-to-patient.html"/><title value="Guardian Relation to Patient Profile"/><generation value="generated"/></page><page><sourceUrl value="StructureDefinition-healthcare-service-provider.html"/><name value="StructureDefinition-healthcare-service-provider.html"/><title value="Healthcare Service Provider Profile"/><generation value="generated"/></page><page><sourceUrl value="StructureDefinition-patient-educational-level.html"/><name value="StructureDefinition-patient-educational-level.html"/><title value="Highest education level attained"/><generation value="generated"/></page><page><sourceUrl value="StructureDefinition-hpv-full-bundle.html"/><name value="StructureDefinition-hpv-full-bundle.html"/><title value="HPV Full Bundle"/><generation value="generated"/></page><page><sourceUrl value="StructureDefinition-hpv-immunization.html"/><name value="StructureDefinition-hpv-immunization.html"/><title value="HPV Immunization"/><generation value="generated"/></page><page><sourceUrl value="StructureDefinition-hpv-immunocomprommised.html"/><name value="StructureDefinition-hpv-immunocomprommised.html"/><title value="HPV Immunocomprommised"/><generation value="generated"/></page><page><sourceUrl value="StructureDefinition-hpv-vaccine-details.html"/><name value="StructureDefinition-hpv-vaccine-details.html"/><title value="HPV Vaccine Details"/><generation value="generated"/></page><page><sourceUrl value="StructureDefinition-medical-insurance.html"/><name value="StructureDefinition-medical-insurance.html"/><title value="Insurance or Medical Plan"/><generation value="generated"/></page><page><sourceUrl value="StructureDefinition-medical-insurance-company.html"/><name value="StructureDefinition-medical-insurance-company.html"/><title value="Medical Insurance Company"/><generation value="generated"/></page><page><sourceUrl value="StructureDefinition-mother-relation-to-patient.html"/><name value="StructureDefinition-mother-relation-to-patient.html"/><title value="Mother Relation to Patient"/><generation value="generated"/></page><page><sourceUrl value="StructureDefinition-hpv-immunization-patient.html"/><name value="StructureDefinition-hpv-immunization-patient.html"/><title value="Patient Profile for HPV Immunizations"/><generation value="generated"/></page><page><sourceUrl value="StructureDefinition-smartcare-immunization-patient.html"/><name value="StructureDefinition-smartcare-immunization-patient.html"/><title value="Patient Profile for Smartcare Immunizations"/><generation value="generated"/></page><page><sourceUrl value="StructureDefinition-date-patient-first-married.html"/><name value="StructureDefinition-date-patient-first-married.html"/><title value="Patient's Date of First Marriage"/><generation value="generated"/></page><page><sourceUrl value="StructureDefinition-patient-home-language.html"/><name value="StructureDefinition-patient-home-language.html"/><title value="Patient's Home Language"/><generation value="generated"/></page><page><sourceUrl value="StructureDefinition-relation-to-patient.html"/><name value="StructureDefinition-relation-to-patient.html"/><title value="Relation to Patient Profile"/><generation value="generated"/></page><page><sourceUrl value="StructureDefinition-relative-relation-to-patient.html"/><name value="StructureDefinition-relative-relation-to-patient.html"/><title value="Relative Relation to Patient"/><generation value="generated"/></page><page><sourceUrl value="StructureDefinition-smartcare-full-bundle.html"/><name value="StructureDefinition-smartcare-full-bundle.html"/><title value="Smartcare Full Bundle"/><generation value="generated"/></page><page><sourceUrl value="StructureDefinition-spouse-occupation.html"/><name value="StructureDefinition-spouse-occupation.html"/><title value="Spouse Occupation"/><generation value="generated"/></page><page><sourceUrl value="StructureDefinition-spouse-relation-to-patient.html"/><name value="StructureDefinition-spouse-relation-to-patient.html"/><title value="Spouse Relation to Patient"/><generation value="generated"/></page><page><sourceUrl value="StructureDefinition-target-facility-encounter.html"/><name value="StructureDefinition-target-facility-encounter.html"/><title value="Target Facility Encounter"/><generation value="generated"/></page><page><sourceUrl value="StructureDefinition-underlying-condition.html"/><name value="StructureDefinition-underlying-condition.html"/><title value="Underlying Condition"/><generation value="generated"/></page><page><sourceUrl value="StructureDefinition-hpv-vaccination-site-type.html"/><name value="StructureDefinition-hpv-vaccination-site-type.html"/><title value="Vaccination site type in HPV"/><generation value="generated"/></page><page><sourceUrl value="StructureDefinition-smartcare-vaccination-site-type.html"/><name value="StructureDefinition-smartcare-vaccination-site-type.html"/><title value="Vaccination site type in Smartcare"/><generation value="generated"/></page><page><sourceUrl value="StructureDefinition-administrative-sex.html"/><name value="StructureDefinition-administrative-sex.html"/><title value="Administrative Sex"/><generation value="generated"/></page><page><sourceUrl value="StructureDefinition-hpv-vaccination-patient-registration-date.html"/><name value="StructureDefinition-hpv-vaccination-patient-registration-date.html"/><title value="HPV Patient Registration Date"/><generation value="generated"/></page><page><sourceUrl value="StructureDefinition-born-in-zambia.html"/><name value="StructureDefinition-born-in-zambia.html"/><title value="Patient born in Zambia?"/><generation value="generated"/></page><page><sourceUrl value="StructureDefinition-is-estimated-date-of-birth.html"/><name value="StructureDefinition-is-estimated-date-of-birth.html"/><title value="Patient's Date of Birth Is Estimated?"/><generation value="generated"/></page><page><sourceUrl value="ValueSet-vs-administrative-sex.html"/><name value="ValueSet-vs-administrative-sex.html"/><title value="Administrative Sex"/><generation value="generated"/></page><page><sourceUrl value="ValueSet-covax-observations.html"/><name value="ValueSet-covax-observations.html"/><title value="COVAX Observations"/><generation value="generated"/></page><page><sourceUrl value="ValueSet-vs-loinc-education-level-attained.html"/><name value="ValueSet-vs-loinc-education-level-attained.html"/><title value="Patient's highest education level attained (LOINC)"/><generation value="generated"/></page><page><sourceUrl value="ValueSet-vs-proprietary-education-level-attained.html"/><name value="ValueSet-vs-proprietary-education-level-attained.html"/><title value="Patient's highest education level attained (Proprietary)"/><generation value="generated"/></page><page><sourceUrl value="ValueSet-vs-home-language.html"/><name value="ValueSet-vs-home-language.html"/><title value="Patient's Home Language"/><generation value="generated"/></page><page><sourceUrl value="ValueSet-underlying-conditions.html"/><name value="ValueSet-underlying-conditions.html"/><title value="Underlying Conditions"/><generation value="generated"/></page><page><sourceUrl value="ValueSet-vs-proprietary-hpv-vaccination-site.html"/><name value="ValueSet-vs-proprietary-hpv-vaccination-site.html"/><title value="Vaccination site types in HPV (Proprietary)"/><generation value="generated"/></page><page><sourceUrl value="ValueSet-vs-proprietary-smartcare-vaccination-site.html"/><name value="ValueSet-vs-proprietary-smartcare-vaccination-site.html"/><title value="Vaccination site types in Smartcare (Proprietary)"/><generation value="generated"/></page><page><sourceUrl value="ValueSet-vs-vaccines.html"/><name value="ValueSet-vs-vaccines.html"/><title value="Vaccine Codes"/><generation value="generated"/></page><page><sourceUrl value="CodeSystem-cs-proprietary-education-level-attained.html"/><name value="CodeSystem-cs-proprietary-education-level-attained.html"/><title value="Patient's highest education level attained (Proprietary)"/><generation value="generated"/></page><page><sourceUrl value="CodeSystem-cs-home-language.html"/><name value="CodeSystem-cs-home-language.html"/><title value="Patient's Home Language"/><generation value="generated"/></page><page><sourceUrl value="CodeSystem-cs-proprietary-hpv-vaccination-site.html"/><name value="CodeSystem-cs-proprietary-hpv-vaccination-site.html"/><title value="Vaccination site types in HPV (Proprietary)"/><generation value="generated"/></page><page><sourceUrl value="CodeSystem-cs-proprietary-smartcare-vaccination-site.html"/><name value="CodeSystem-cs-proprietary-smartcare-vaccination-site.html"/><title value="Vaccination site types in Smartcare (Proprietary)"/><generation value="generated"/></page><page><sourceUrl value="StructureMap-PropietaryEducationLevelToLOINCEducationLevel.html"/><name value="StructureMap-PropietaryEducationLevelToLOINCEducationLevel.html"/><title value="Propietary Educational Level To LOINC Educational Level"/><generation value="generated"/></page><page><sourceUrl value="ConceptMap-ProprietaryEducationLevelToLOINCEducationLevel.html"/><name value="ConceptMap-ProprietaryEducationLevelToLOINCEducationLevel.html"/><title value="Proprietary Education Level to LOINC Education Level"/><generation value="generated"/></page><page><sourceUrl value="RelatedPerson-ChiefAtBirthRelatedPersonExample.html"/><name value="RelatedPerson-ChiefAtBirthRelatedPersonExample.html"/><title value="Chief at Birth"/><generation value="generated"/></page><page><sourceUrl value="RelatedPerson-PatientFatherRelatedPersonExample.html"/><name value="RelatedPerson-PatientFatherRelatedPersonExample.html"/><title value="Father Relation to Patient"/><generation value="generated"/></page><page><sourceUrl value="Patient-ImmunizationPatientExample.html"/><name value="Patient-ImmunizationPatientExample.html"/><title value="Generic Immunization Patient"/><generation value="generated"/></page><page><sourceUrl value="RelatedPerson-RelationToPatientExample.html"/><name value="RelatedPerson-RelationToPatientExample.html"/><title value="Generic Relation to Patient"/><generation value="generated"/></page><page><sourceUrl value="Observation-GenericObservationExample.html"/><name value="Observation-GenericObservationExample.html"/><title value="Generic Social History Observation Profile"/><generation value="generated"/></page><page><sourceUrl value="Observation-GuardianOccupationObservationExample.html"/><name value="Observation-GuardianOccupationObservationExample.html"/><title value="Guardian Occupation"/><generation value="generated"/></page><page><sourceUrl value="RelatedPerson-HPVGuardianRelatedPersonExample.html"/><name value="RelatedPerson-HPVGuardianRelatedPersonExample.html"/><title value="Guardian Relation to Patient in HPV"/><generation value="generated"/></page><page><sourceUrl value="RelatedPerson-SmartcareGuardianRelatedPersonExample.html"/><name value="RelatedPerson-SmartcareGuardianRelatedPersonExample.html"/><title value="Guardian Relation to Patient in Smartcare"/><generation value="generated"/></page><page><sourceUrl value="Organization-OrganizationExample.html"/><name value="Organization-OrganizationExample.html"/><title value="Healthcare Service Provider"/><generation value="generated"/></page><page><sourceUrl value="Observation-PatientEducationalLevelObservationExample.html"/><name value="Observation-PatientEducationalLevelObservationExample.html"/><title value="Highest education level attained"/><generation value="generated"/></page><page><sourceUrl value="Bundle-HPVFullBundleExample.html"/><name value="Bundle-HPVFullBundleExample.html"/><title value="HPV Bundle"/><generation value="generated"/></page><page><sourceUrl value="Immunization-HPVImmunizationExample.html"/><name value="Immunization-HPVImmunizationExample.html"/><title value="HPV Immunization Example"/><generation value="generated"/></page><page><sourceUrl value="Observation-HPVImmunocomprommisedExample.html"/><name value="Observation-HPVImmunocomprommisedExample.html"/><title value="HPV Immunocomprommised"/><generation value="generated"/></page><page><sourceUrl value="Medication-HPVVaccineExample.html"/><name value="Medication-HPVVaccineExample.html"/><title value="HPV Vaccine Details"/><generation value="generated"/></page><page><sourceUrl value="Patient-HPVImmunizationPatientExample.html"/><name value="Patient-HPVImmunizationPatientExample.html"/><title value="Immunization Patient in HPV"/><generation value="generated"/></page><page><sourceUrl value="Patient-SmartcareImmunizationPatientExample.html"/><name value="Patient-SmartcareImmunizationPatientExample.html"/><title value="Immunization Patient in Smartcare"/><generation value="generated"/></page><page><sourceUrl value="Coverage-MedicalInsuranceExample.html"/><name value="Coverage-MedicalInsuranceExample.html"/><title value="Insurance or Medical Plan"/><generation value="generated"/></page><page><sourceUrl value="Organization-MedicalInsuranceCompanyExample.html"/><name value="Organization-MedicalInsuranceCompanyExample.html"/><title value="Medical Insurance Company"/><generation value="generated"/></page><page><sourceUrl value="RelatedPerson-PatientMotherRelatedPersonExample.html"/><name value="RelatedPerson-PatientMotherRelatedPersonExample.html"/><title value="Mother Relation to Patient"/><generation value="generated"/></page><page><sourceUrl value="Observation-DatePatientFirstMarriedObservationExample.html"/><name value="Observation-DatePatientFirstMarriedObservationExample.html"/><title value="Patient's Date of First Marriage"/><generation value="generated"/></page><page><sourceUrl value="Observation-PatientHomeLanguageObservationExample.html"/><name value="Observation-PatientHomeLanguageObservationExample.html"/><title value="Patient's Home Language"/><generation value="generated"/></page><page><sourceUrl value="RelatedPerson-RelativeRelatedPersonExample.html"/><name value="RelatedPerson-RelativeRelatedPersonExample.html"/><title value="Relative Relation to Patient"/><generation value="generated"/></page><page><sourceUrl value="Bundle-Smartcare.html"/><name value="Bundle-Smartcare.html"/><title value="Smartcare Bundle"/><generation value="generated"/></page><page><sourceUrl value="Observation-SpouseOccupationObservationExample.html"/><name value="Observation-SpouseOccupationObservationExample.html"/><title value="Spouse Occupation"/><generation value="generated"/></page><page><sourceUrl value="RelatedPerson-SpouseRelatedPersonExample.html"/><name value="RelatedPerson-SpouseRelatedPersonExample.html"/><title value="Spouse Related to Patient"/><generation value="generated"/></page><page><sourceUrl value="Encounter-HPVTargetFacilityEncounterExample.html"/><name value="Encounter-HPVTargetFacilityEncounterExample.html"/><title value="Target Facility Encounter in HPV"/><generation value="generated"/></page><page><sourceUrl value="Encounter-SmartcareTargetFacilityEncounterExample.html"/><name value="Encounter-SmartcareTargetFacilityEncounterExample.html"/><title value="Target Facility Encounter in Smartcare"/><generation value="generated"/></page><page><sourceUrl value="Organization-SmartcareVaccinationSiteTypeExample.html"/><name value="Organization-SmartcareVaccinationSiteTypeExample.html"/><title value="Vaccination site type"/><generation value="generated"/></page><page><sourceUrl value="Organization-HPVVaccinationSiteTypeExample.html"/><name value="Organization-HPVVaccinationSiteTypeExample.html"/><title value="Vaccination site type in HPV"/><generation value="generated"/></page><page><sourceUrl value="Immunization-VaccinesExample.html"/><name value="Immunization-VaccinesExample.html"/><title value="Vaccine Administration"/><generation value="generated"/></page></page></page><parameter><code><system value="http://hl7.org/fhir/tools/CodeSystem/ig-parameters"/><code value="copyrightyear"/></code><value value="2021+"/></parameter><parameter><code><system value="http://hl7.org/fhir/tools/CodeSystem/ig-parameters"/><code value="releaselabel"/></code><value value="STU1"/></parameter><parameter><code><system value="http://hl7.org/fhir/guide-parameter-code"/><code value="path-resource"/></code><value value="input/maps"/></parameter><parameter><code><system value="http://hl7.org/fhir/tools/CodeSystem/ig-parameters"/><code value="autoload-resources"/></code><value value="true"/></parameter><parameter><code><system value="http://hl7.org/fhir/guide-parameter-code"/><code value="path-resource"/></code><value value="input/capabilities"/></parameter><parameter><code><system value="http://hl7.org/fhir/guide-parameter-code"/><code value="path-resource"/></code><value value="input/examples"/></parameter><parameter><code><system value="http://hl7.org/fhir/guide-parameter-code"/><code value="path-resource"/></code><value value="input/extensions"/></parameter><parameter><code><system value="http://hl7.org/fhir/guide-parameter-code"/><code value="path-resource"/></code><value value="input/models"/></parameter><parameter><code><system value="http://hl7.org/fhir/guide-parameter-code"/><code value="path-resource"/></code><value value="input/operations"/></parameter><parameter><code><system value="http://hl7.org/fhir/guide-parameter-code"/><code value="path-resource"/></code><value value="input/profiles"/></parameter><parameter><code><system value="http://hl7.org/fhir/guide-parameter-code"/><code value="path-resource"/></code><value value="input/resources"/></parameter><parameter><code><system value="http://hl7.org/fhir/guide-parameter-code"/><code value="path-resource"/></code><value value="input/vocabulary"/></parameter><parameter><code><system value="http://hl7.org/fhir/guide-parameter-code"/><code value="path-resource"/></code><value value="input/testing"/></parameter><parameter><code><system value="http://hl7.org/fhir/guide-parameter-code"/><code value="path-resource"/></code><value value="input/history"/></parameter><parameter><code><system value="http://hl7.org/fhir/guide-parameter-code"/><code value="path-resource"/></code><value value="fsh-generated/resources"/></parameter><parameter><code><system value="http://hl7.org/fhir/guide-parameter-code"/><code value="path-pages"/></code><value value="template/config"/></parameter><parameter><code><system value="http://hl7.org/fhir/guide-parameter-code"/><code value="path-pages"/></code><value value="input/images"/></parameter><parameter><code><system value="http://hl7.org/fhir/tools/CodeSystem/ig-parameters"/><code value="path-liquid"/></code><value value="template/liquid"/></parameter><parameter><code><system value="http://hl7.org/fhir/tools/CodeSystem/ig-parameters"/><code value="path-liquid"/></code><value value="input/liquid"/></parameter><parameter><code><system value="http://hl7.org/fhir/tools/CodeSystem/ig-parameters"/><code value="path-qa"/></code><value value="temp/qa"/></parameter><parameter><code><system value="http://hl7.org/fhir/tools/CodeSystem/ig-parameters"/><code value="path-temp"/></code><value value="temp/pages"/></parameter><parameter><code><system value="http://hl7.org/fhir/tools/CodeSystem/ig-parameters"/><code value="path-output"/></code><value value="output"/></parameter><parameter><code><system value="http://hl7.org/fhir/guide-parameter-code"/><code value="path-tx-cache"/></code><value value="input-cache/txcache"/></parameter><parameter><code><system value="http://hl7.org/fhir/tools/CodeSystem/ig-parameters"/><code value="path-suppressed-warnings"/></code><value value="input/ignoreWarnings.txt"/></parameter><parameter><code><system value="http://hl7.org/fhir/tools/CodeSystem/ig-parameters"/><code value="path-history"/></code><value value="http://openhie.org/fhir/zambia-immunizations/history.html"/></parameter><parameter><code><system value="http://hl7.org/fhir/tools/CodeSystem/ig-parameters"/><code value="template-html"/></code><value value="template-page.html"/></parameter><parameter><code><system value="http://hl7.org/fhir/tools/CodeSystem/ig-parameters"/><code value="template-md"/></code><value value="template-page-md.html"/></parameter><parameter><code><system value="http://hl7.org/fhir/tools/CodeSystem/ig-parameters"/><code value="apply-contact"/></code><value value="true"/></parameter><parameter><code><system value="http://hl7.org/fhir/tools/CodeSystem/ig-parameters"/><code value="apply-context"/></code><value value="true"/></parameter><parameter><code><system value="http://hl7.org/fhir/tools/CodeSystem/ig-parameters"/><code value="apply-copyright"/></code><value value="true"/></parameter><parameter><code><system value="http://hl7.org/fhir/tools/CodeSystem/ig-parameters"/><code value="apply-jurisdiction"/></code><value value="true"/></parameter><parameter><code><system value="http://hl7.org/fhir/tools/CodeSystem/ig-parameters"/><code value="apply-license"/></code><value value="true"/></parameter><parameter><code><system value="http://hl7.org/fhir/tools/CodeSystem/ig-parameters"/><code value="apply-publisher"/></code><value value="true"/></parameter><parameter><code><system value="http://hl7.org/fhir/tools/CodeSystem/ig-parameters"/><code value="apply-version"/></code><value value="true"/></parameter><parameter><code><system value="http://hl7.org/fhir/tools/CodeSystem/ig-parameters"/><code value="apply-wg"/></code><value value="true"/></parameter><parameter><code><system value="http://hl7.org/fhir/tools/CodeSystem/ig-parameters"/><code value="active-tables"/></code><value value="true"/></parameter><parameter><code><system value="http://hl7.org/fhir/tools/CodeSystem/ig-parameters"/><code value="fmm-definition"/></code><value value="http://hl7.org/fhir/versions.html#maturity"/></parameter><parameter><code><system value="http://hl7.org/fhir/tools/CodeSystem/ig-parameters"/><code value="propagate-status"/></code><value value="true"/></parameter><parameter><code><system value="http://hl7.org/fhir/tools/CodeSystem/ig-parameters"/><code value="excludelogbinaryformat"/></code><value value="true"/></parameter><parameter><code><system value="http://hl7.org/fhir/tools/CodeSystem/ig-parameters"/><code value="tabbed-snapshots"/></code><value value="true"/></parameter></definition></ImplementationGuide>