<?xml version="1.0" encoding="UTF-8"?><ValueSet xmlns="http://hl7.org/fhir"><id value="vs-administrative-sex"/><text><status value="extensions"/><div xmlns="http://www.w3.org/1999/xhtml"><p class="res-header-id"><b>Generated Narrative: ValueSet vs-administrative-sex</b></p><a name="vs-administrative-sex"> </a><a name="hcvs-administrative-sex"> </a><a name="hcvs-administrative-sex-en-US"> </a><ul><li>Include these codes as defined in <a href="http://terminology.hl7.org/6.0.2/CodeSystem-v2-0001.html"><code>http://terminology.hl7.org/CodeSystem/v2-0001</code></a><table class="none"><tr><td style="white-space:nowrap"><b>Code</b></td><td><b>Display</b></td><td><b>Definition</b></td></tr><tr><td><a href="http://terminology.hl7.org/6.0.2/CodeSystem-v2-0001.html#v2-0001-M">M</a></td><td>Male</td><td>Male</td></tr><tr><td><a href="http://terminology.hl7.org/6.0.2/CodeSystem-v2-0001.html#v2-0001-F">F</a></td><td>Female</td><td>Female</td></tr></table></li></ul></div></text><url value="http://openhie.org/fhir/zambia-immunizations/ValueSet/vs-administrative-sex"/><version value="1.0.0"/><name value="AdministrativeSex"/><title value="Administrative Sex"/><status value="active"/><experimental value="false"/><date value="2024-08-14T13:41:16+02:00"/><publisher value="Ministry of Health"/><contact><name value="Ministry of Health"/><telecom><system value="url"/><value value="https://www.moh.gov.zm"/></telecom><telecom><system value="email"/><value value="info@moh.gov.zm"/></telecom></contact><contact><name value="Chisanga Louis Siwale"/><telecom><system value="email"/><value value="chisanga.siwale@moh.gov.zm"/><use value="work"/></telecom></contact><description value="A List of Administrative Sex codes."/><jurisdiction><coding><system value="http://unstats.un.org/unsd/methods/m49/m49.htm"/><code value="001"/><display value="World"/></coding></jurisdiction><compose><include><system value="http://terminology.hl7.org/CodeSystem/v2-0001"/><concept><code value="M"/><display value="Male"/></concept><concept><code value="F"/><display value="Female"/></concept></include></compose></ValueSet>