<?xml version="1.0" encoding="UTF-8"?>

<Encounter xmlns="http://hl7.org/fhir">
  <id value="HPVTargetFacilityEncounterExample"/>
  <meta>
    <profile value="http://openhie.org/fhir/zambia-immunizations/StructureDefinition/target-facility-encounter"/>
  </meta>
  <text>
    <status value="generated"/><div xmlns="http://www.w3.org/1999/xhtml"><p class="res-header-id"><b>Generated Narrative: Encounter HPVTargetFacilityEncounterExample</b></p><a name="HPVTargetFacilityEncounterExample"> </a><a name="hcHPVTargetFacilityEncounterExample"> </a><a name="hcHPVTargetFacilityEncounterExample-en-US"> </a><p><b>status</b>: Completed</p><p><b>class</b>: <span title="Codes:{http://terminology.hl7.org/CodeSystem/v3-ActCode AMB}">ambulatory</span></p><p><b>subject</b>: <a href="Patient-ImmunizationPatientExample.html">Jane Maria Smith (official) (no stated gender), DoB: 1990-12-12 ( http://openhie.org/fhir/zambia-immunizations/identifier/patient-nrc#999999/99/9)</a></p><p><b>serviceProvider</b>: <a href="Organization-OrganizationExample.html">Organization Facility one</a></p><p><b>actualPeriod</b>: 2022-12-01 --&gt; 2023-01-20</p></div>
  </text>
  <status value="completed"/>
  <class>
    <coding>
      <system value="http://terminology.hl7.org/CodeSystem/v3-ActCode"/>
      <code value="AMB"/>
    </coding>
  </class>
  <subject>
    <reference value="Patient/ImmunizationPatientExample"/>
  </subject>
  <serviceProvider>
    <reference value="Organization/OrganizationExample"/>
  </serviceProvider>
  <actualPeriod>
    <start value="2022-12-01"/>
    <end value="2023-01-20"/>
  </actualPeriod>
</Encounter>