{
  "resourceType" : "Observation",
  "id" : "GuardianOccupationObservationExample",
  "meta" : {
    "profile" : ["http://openhie.org/fhir/zambia-immunizations/StructureDefinition/guardian-occupation"]
  },
  "text" : {
    "status" : "generated",
    "div" : "<div xmlns=\"http://www.w3.org/1999/xhtml\"><p class=\"res-header-id\"><b>Generated Narrative: Observation GuardianOccupationObservationExample</b></p><a name=\"GuardianOccupationObservationExample\"> </a><a name=\"hcGuardianOccupationObservationExample\"> </a><a name=\"hcGuardianOccupationObservationExample-en-US\"> </a><p><b>status</b>: Final</p><p><b>category</b>: <span title=\"Codes:{http://terminology.hl7.org/CodeSystem/observation-category social-history}\">Social History</span></p><p><b>code</b>: <span title=\"Codes:{http://loinc.org 11341-5}\">History of Occupation</span></p><p><b>subject</b>: <a href=\"Patient-ImmunizationPatientExample.html\">Jane Maria Smith (official) (no stated gender), DoB: 1990-12-12 ( http://openhie.org/fhir/zambia-immunizations/identifier/patient-nrc#999999/99/9)</a></p><p><b>encounter</b>: <a href=\"Encounter-SmartcareTargetFacilityEncounterExample.html\">Encounter: status = completed; class = ambulatory; actualPeriod = 2022-12-01 --&gt; 2023-01-20</a></p><p><b>effective</b>: 2017-03-01 --&gt; (ongoing)</p><p><b>performer</b>: <a href=\"Organization-OrganizationExample.html\">Organization Facility one</a></p><p><b>value</b>: Accounts Manager</p></div>"
  },
  "status" : "final",
  "category" : [{
    "coding" : [{
      "system" : "http://terminology.hl7.org/CodeSystem/observation-category",
      "code" : "social-history"
    }]
  }],
  "code" : {
    "coding" : [{
      "system" : "http://loinc.org",
      "code" : "11341-5"
    }]
  },
  "subject" : {
    "reference" : "Patient/ImmunizationPatientExample"
  },
  "encounter" : {
    "reference" : "Encounter/SmartcareTargetFacilityEncounterExample"
  },
  "effectivePeriod" : {
    "start" : "2017-03-01"
  },
  "performer" : [{
    "reference" : "Organization/OrganizationExample"
  }],
  "valueString" : "Accounts Manager"
}