<?xml version="1.0" encoding="UTF-8"?>

<Observation xmlns="http://hl7.org/fhir">
  <id value="DatePatientFirstMarriedObservationExample"/>
  <meta>
    <profile value="http://openhie.org/fhir/zambia-immunizations/StructureDefinition/date-patient-first-married"/>
  </meta>
  <text>
    <status value="generated"/><div xmlns="http://www.w3.org/1999/xhtml"><p class="res-header-id"><b>Generated Narrative: Observation DatePatientFirstMarriedObservationExample</b></p><a name="DatePatientFirstMarriedObservationExample"> </a><a name="hcDatePatientFirstMarriedObservationExample"> </a><a name="hcDatePatientFirstMarriedObservationExample-en-US"> </a><p><b>status</b>: Final</p><p><b>category</b>: <span title="Codes:{http://terminology.hl7.org/CodeSystem/observation-category social-history}">Social History</span></p><p><b>code</b>: <span title="Codes:{http://snomed.info/sct 365581002}">Finding of marital or partnership status (finding)</span></p><p><b>subject</b>: <a href="Patient-ImmunizationPatientExample.html">Jane Maria Smith (official) (no stated gender), DoB: 1990-12-12 ( http://openhie.org/fhir/zambia-immunizations/identifier/patient-nrc#999999/99/9)</a></p><p><b>encounter</b>: <a href="Encounter-SmartcareTargetFacilityEncounterExample.html">Encounter: status = completed; class = ambulatory; actualPeriod = 2022-12-01 --&gt; 2023-01-20</a></p><p><b>effective</b>: 2022-11-30</p><p><b>performer</b>: <a href="Organization-OrganizationExample.html">Organization Facility one</a></p><p><b>value</b>: 1983-05-22 16:40:17+0200</p></div>
  </text>
  <status value="final"/>
  <category>
    <coding>
      <system value="http://terminology.hl7.org/CodeSystem/observation-category"/>
      <code value="social-history"/>
    </coding>
  </category>
  <code>
    <coding>
      <system value="http://snomed.info/sct"/>
      <code value="365581002"/>
    </coding>
  </code>
  <subject>
    <reference value="Patient/ImmunizationPatientExample"/>
  </subject>
  <encounter>
    <reference value="Encounter/SmartcareTargetFacilityEncounterExample"/>
  </encounter>
  <effectiveDateTime value="2022-11-30"/>
  <performer>
    <reference value="Organization/OrganizationExample"/>
  </performer>
  <valueDateTime value="1983-05-22T16:40:17+02:00"/>
</Observation>