<?xml version="1.0" encoding="UTF-8"?>

<RelatedPerson xmlns="http://hl7.org/fhir">
  <id value="RelativeRelatedPersonExample"/>
  <meta>
    <profile value="http://openhie.org/fhir/zambia-immunizations/StructureDefinition/relative-relation-to-patient"/>
  </meta>
  <text>
    <status value="generated"/><div xmlns="http://www.w3.org/1999/xhtml"><p class="res-header-id"><b>Generated Narrative: RelatedPerson RelativeRelatedPersonExample</b></p><a name="RelativeRelatedPersonExample"> </a><a name="hcRelativeRelatedPersonExample"> </a><a name="hcRelativeRelatedPersonExample-en-US"> </a><p><b>patient</b>: <a href="Patient-ImmunizationPatientExample.html">Jane Maria Smith (official) (no stated gender), DoB: 1990-12-12 ( http://openhie.org/fhir/zambia-immunizations/identifier/patient-nrc#999999/99/9)</a></p><p><b>relationship</b>: <span title="Codes:{http://terminology.hl7.org/CodeSystem/v3-RoleCode FAMMEMB}">family member</span></p><p><b>name</b>: Olivia Smith (Official)</p></div>
  </text>
  <patient>
    <reference value="Patient/ImmunizationPatientExample"/>
  </patient>
  <relationship>
    <coding>
      <system value="http://terminology.hl7.org/CodeSystem/v3-RoleCode"/>
      <code value="FAMMEMB"/>
    </coding>
  </relationship>
  <name>
    <use value="official"/>
    <family value="Smith"/>
    <given value="Olivia"/>
  </name>
</RelatedPerson>