{
  "resourceType" : "RelatedPerson",
  "id" : "RelativeRelatedPersonExample",
  "meta" : {
    "profile" : ["http://openhie.org/fhir/zambia-immunizations/StructureDefinition/relative-relation-to-patient"]
  },
  "text" : {
    "status" : "generated",
    "div" : "<div xmlns=\"http://www.w3.org/1999/xhtml\"><p class=\"res-header-id\"><b>Generated Narrative: RelatedPerson RelativeRelatedPersonExample</b></p><a name=\"RelativeRelatedPersonExample\"> </a><a name=\"hcRelativeRelatedPersonExample\"> </a><a name=\"hcRelativeRelatedPersonExample-en-US\"> </a><p><b>patient</b>: <a href=\"Patient-ImmunizationPatientExample.html\">Jane Maria Smith (official) (no stated gender), DoB: 1990-12-12 ( http://openhie.org/fhir/zambia-immunizations/identifier/patient-nrc#999999/99/9)</a></p><p><b>relationship</b>: <span title=\"Codes:{http://terminology.hl7.org/CodeSystem/v3-RoleCode FAMMEMB}\">family member</span></p><p><b>name</b>: Olivia Smith (Official)</p></div>"
  },
  "patient" : {
    "reference" : "Patient/ImmunizationPatientExample"
  },
  "relationship" : [{
    "coding" : [{
      "system" : "http://terminology.hl7.org/CodeSystem/v3-RoleCode",
      "code" : "FAMMEMB"
    }]
  }],
  "name" : [{
    "use" : "official",
    "family" : "Smith",
    "given" : ["Olivia"]
  }]
}