{
  "resourceType" : "RelatedPerson",
  "id" : "SpouseRelatedPersonExample",
  "meta" : {
    "profile" : ["http://openhie.org/fhir/zambia-immunizations/StructureDefinition/spouse-relation-to-patient"]
  },
  "text" : {
    "status" : "generated",
    "div" : "<div xmlns=\"http://www.w3.org/1999/xhtml\"><p class=\"res-header-id\"><b>Generated Narrative: RelatedPerson SpouseRelatedPersonExample</b></p><a name=\"SpouseRelatedPersonExample\"> </a><a name=\"hcSpouseRelatedPersonExample\"> </a><a name=\"hcSpouseRelatedPersonExample-en-US\"> </a><p><b>patient</b>: <a href=\"Patient-ImmunizationPatientExample.html\">Jane Maria Smith (official) (no stated gender), DoB: 1990-12-12 ( http://openhie.org/fhir/zambia-immunizations/identifier/patient-nrc#999999/99/9)</a></p><p><b>relationship</b>: <span title=\"Codes:{http://terminology.hl7.org/CodeSystem/v3-RoleCode SPS}\">spouse</span></p><p><b>name</b>: Mike Jones (Official)</p><p><b>telecom</b>: <a href=\"tel:+26095705784\">+26095705784</a></p></div>"
  },
  "patient" : {
    "reference" : "Patient/ImmunizationPatientExample"
  },
  "relationship" : [{
    "coding" : [{
      "system" : "http://terminology.hl7.org/CodeSystem/v3-RoleCode",
      "code" : "SPS"
    }]
  }],
  "name" : [{
    "use" : "official",
    "family" : "Jones",
    "given" : ["Mike"]
  }],
  "telecom" : [{
    "system" : "phone",
    "value" : "+26095705784"
  }]
}