{
  "resourceType" : "Observation",
  "id" : "SpouseOccupationObservationExample",
  "meta" : {
    "profile" : ["http://openhie.org/fhir/zambia-immunizations/StructureDefinition/spouse-occupation"]
  },
  "text" : {
    "status" : "generated",
    "div" : "<div xmlns=\"http://www.w3.org/1999/xhtml\"><p class=\"res-header-id\"><b>Generated Narrative: Observation SpouseOccupationObservationExample</b></p><a name=\"SpouseOccupationObservationExample\"> </a><a name=\"hcSpouseOccupationObservationExample\"> </a><a name=\"hcSpouseOccupationObservationExample-en-US\"> </a><p><b>status</b>: Final</p><p><b>category</b>: <span title=\"Codes:{http://terminology.hl7.org/CodeSystem/observation-category social-history}\">Social History</span></p><p><b>code</b>: <span title=\"Codes:{http://snomed.info/sct 447057006}\">Occupation of spouse (observable entity)</span></p><p><b>subject</b>: <a href=\"Patient-ImmunizationPatientExample.html\">Jane Maria Smith (official) (no stated gender), DoB: 1990-12-12 ( http://openhie.org/fhir/zambia-immunizations/identifier/patient-nrc#999999/99/9)</a></p><p><b>encounter</b>: <a href=\"Encounter-SmartcareTargetFacilityEncounterExample.html\">Encounter: status = completed; class = ambulatory; actualPeriod = 2022-12-01 --&gt; 2023-01-20</a></p><p><b>effective</b>: 2017-03-01 --&gt; (ongoing)</p><p><b>performer</b>: <a href=\"Organization-OrganizationExample.html\">Organization Facility one</a></p><p><b>value</b>: .NET Programmer</p></div>"
  },
  "status" : "final",
  "category" : [{
    "coding" : [{
      "system" : "http://terminology.hl7.org/CodeSystem/observation-category",
      "code" : "social-history"
    }]
  }],
  "code" : {
    "coding" : [{
      "system" : "http://snomed.info/sct",
      "code" : "447057006"
    }]
  },
  "subject" : {
    "reference" : "Patient/ImmunizationPatientExample"
  },
  "encounter" : {
    "reference" : "Encounter/SmartcareTargetFacilityEncounterExample"
  },
  "effectivePeriod" : {
    "start" : "2017-03-01"
  },
  "performer" : [{
    "reference" : "Organization/OrganizationExample"
  }],
  "valueString" : ".NET Programmer"
}