{
  "resourceType" : "Observation",
  "id" : "GenericObservationExample",
  "meta" : {
    "profile" : ["http://openhie.org/fhir/zambia-immunizations/StructureDefinition/generic-social-history-observation-profile"]
  },
  "text" : {
    "status" : "generated",
    "div" : "<div xmlns=\"http://www.w3.org/1999/xhtml\"><p class=\"res-header-id\"><b>Generated Narrative: Observation GenericObservationExample</b></p><a name=\"GenericObservationExample\"> </a><a name=\"hcGenericObservationExample\"> </a><a name=\"hcGenericObservationExample-en-US\"> </a><p><b>status</b>: Final</p><p><b>category</b>: <span title=\"Codes:{http://terminology.hl7.org/CodeSystem/observation-category social-history}\">Social History</span></p><p><b>code</b>: <span title=\"Codes:{http://snomed.info/sct 160476009}\">Social / personal history observable</span></p><p><b>subject</b>: <a href=\"Patient-ImmunizationPatientExample.html\">Jane Maria Smith (official) (no stated gender), DoB: 1990-12-12 ( http://openhie.org/fhir/zambia-immunizations/identifier/patient-nrc#999999/99/9)</a></p><p><b>encounter</b>: <a href=\"Encounter-SmartcareTargetFacilityEncounterExample.html\">Encounter: status = completed; class = ambulatory; actualPeriod = 2022-12-01 --&gt; 2023-01-20</a></p><p><b>effective</b>: 2022-11-30</p><p><b>performer</b>: <a href=\"Organization-OrganizationExample.html\">Organization Facility one</a></p></div>"
  },
  "status" : "final",
  "category" : [{
    "coding" : [{
      "system" : "http://terminology.hl7.org/CodeSystem/observation-category",
      "code" : "social-history"
    }]
  }],
  "code" : {
    "coding" : [{
      "system" : "http://snomed.info/sct",
      "code" : "160476009"
    }]
  },
  "subject" : {
    "reference" : "Patient/ImmunizationPatientExample"
  },
  "encounter" : {
    "reference" : "Encounter/SmartcareTargetFacilityEncounterExample"
  },
  "effectiveDateTime" : "2022-11-30",
  "performer" : [{
    "reference" : "Organization/OrganizationExample"
  }]
}