{
  "resourceType" : "Organization",
  "id" : "MedicalInsuranceCompanyExample",
  "meta" : {
    "profile" : ["http://openhie.org/fhir/zambia-immunizations/StructureDefinition/medical-insurance-company"]
  },
  "text" : {
    "status" : "generated",
    "div" : "<div xmlns=\"http://www.w3.org/1999/xhtml\"><p class=\"res-header-id\"><b>Generated Narrative: Organization MedicalInsuranceCompanyExample</b></p><a name=\"MedicalInsuranceCompanyExample\"> </a><a name=\"hcMedicalInsuranceCompanyExample\"> </a><a name=\"hcMedicalInsuranceCompanyExample-en-US\"> </a><p><b>identifier</b>: Medical insurance company identifier/medical-insurance-company-1</p><p><b>type</b>: <span title=\"Codes:{http://loinc.org 64290-0}\">Health insurance card</span></p><p><b>name</b>: Medical Insurance Company 1</p></div>"
  },
  "identifier" : [{
    "type" : {
      "coding" : [{
        "system" : "http://terminology.hl7.org/CodeSystem/v2-0203",
        "code" : "XX"
      }],
      "text" : "Medical insurance company identifier"
    },
    "system" : "http://openhie.org/fhir/zambia-immunizations/identifier/medical-insurance-company",
    "value" : "medical-insurance-company-1"
  }],
  "type" : [{
    "coding" : [{
      "system" : "http://loinc.org",
      "code" : "64290-0"
    }]
  }],
  "name" : "Medical Insurance Company 1"
}