{
  "resourceType" : "Organization",
  "id" : "HPVVaccinationSiteTypeExample",
  "meta" : {
    "profile" : ["http://openhie.org/fhir/zambia-immunizations/StructureDefinition/hpv-vaccination-site-type"]
  },
  "text" : {
    "status" : "generated",
    "div" : "<div xmlns=\"http://www.w3.org/1999/xhtml\"><p class=\"res-header-id\"><b>Generated Narrative: Organization HPVVaccinationSiteTypeExample</b></p><a name=\"HPVVaccinationSiteTypeExample\"> </a><a name=\"hcHPVVaccinationSiteTypeExample\"> </a><a name=\"hcHPVVaccinationSiteTypeExample-en-US\"> </a><p><b>type</b>: <span title=\"Codes:{http://openhie.org/fhir/zambia-immunizations/CodeSystem/cs-proprietary-hpv-vaccination-site Community}\">Community</span></p><p><b>name</b>: facility name</p></div>"
  },
  "type" : [{
    "coding" : [{
      "system" : "http://openhie.org/fhir/zambia-immunizations/CodeSystem/cs-proprietary-hpv-vaccination-site",
      "code" : "Community"
    }]
  }],
  "name" : "facility name"
}