{
  "resourceType" : "RelatedPerson",
  "id" : "HPVGuardianRelatedPersonExample",
  "meta" : {
    "profile" : ["http://openhie.org/fhir/zambia-immunizations/StructureDefinition/guardian-relation-to-patient"]
  },
  "text" : {
    "status" : "generated",
    "div" : "<div xmlns=\"http://www.w3.org/1999/xhtml\"><p class=\"res-header-id\"><b>Generated Narrative: RelatedPerson HPVGuardianRelatedPersonExample</b></p><a name=\"HPVGuardianRelatedPersonExample\"> </a><a name=\"hcHPVGuardianRelatedPersonExample\"> </a><a name=\"hcHPVGuardianRelatedPersonExample-en-US\"> </a><p><b>patient</b>: <a href=\"Patient-HPVImmunizationPatientExample.html\">Tom Jack Jones (official) (no stated gender), DoB: 2000-01-01 ( http://openhie.org/fhir/zambia-immunizations/identifier/patient-card-number#CN0000000)</a></p><p><b>relationship</b>: <span title=\"Codes:{http://terminology.hl7.org/CodeSystem/v3-RoleCode GUARD}\">guardian</span></p><p><b>name</b>: Mike Smith (Official)</p></div>"
  },
  "patient" : {
    "reference" : "Patient/HPVImmunizationPatientExample"
  },
  "relationship" : [{
    "coding" : [{
      "system" : "http://terminology.hl7.org/CodeSystem/v3-RoleCode",
      "code" : "GUARD"
    }]
  }],
  "name" : [{
    "use" : "official",
    "family" : "Smith",
    "given" : ["Mike"]
  }]
}