{
  "resourceType" : "ValueSet",
  "id" : "covax-observations",
  "text" : {
    "status" : "generated",
    "div" : "<div xmlns=\"http://www.w3.org/1999/xhtml\"><p class=\"res-header-id\"><b>Generated Narrative: ValueSet covax-observations</b></p><a name=\"covax-observations\"> </a><a name=\"hccovax-observations\"> </a><a name=\"hccovax-observations-en-US\"> </a><ul><li>Include these codes as defined in <a href=\"http://www.snomed.org/\"><code>http://snomed.info/sct</code></a><table class=\"none\"><tr><td style=\"white-space:nowrap\"><b>Code</b></td><td><b>Display</b></td></tr><tr><td><a href=\"http://snomed.info/id/77386006\">77386006</a></td><td>Pregnant</td></tr><tr><td><a href=\"http://snomed.info/id/169907004\">169907004</a></td><td>Lactating</td></tr></table></li></ul></div>"
  },
  "url" : "http://openhie.org/fhir/zambia-immunizations/ValueSet/covax-observations",
  "version" : "1.0.0",
  "name" : "CovaxObservations",
  "title" : "COVAX Observations",
  "status" : "active",
  "experimental" : false,
  "date" : "2024-08-14T13:41:16+02:00",
  "publisher" : "Ministry of Health",
  "contact" : [{
    "name" : "Ministry of Health",
    "telecom" : [{
      "system" : "url",
      "value" : "https://www.moh.gov.zm"
    },
    {
      "system" : "email",
      "value" : "info@moh.gov.zm"
    }]
  },
  {
    "name" : "Chisanga Louis Siwale",
    "telecom" : [{
      "system" : "email",
      "value" : "chisanga.siwale@moh.gov.zm",
      "use" : "work"
    }]
  }],
  "description" : "A ValueSet containing COVID19 vaccination observation",
  "jurisdiction" : [{
    "coding" : [{
      "system" : "http://unstats.un.org/unsd/methods/m49/m49.htm",
      "code" : "001",
      "display" : "World"
    }]
  }],
  "compose" : {
    "include" : [{
      "system" : "http://snomed.info/sct",
      "concept" : [{
        "code" : "77386006",
        "display" : "Pregnant"
      },
      {
        "code" : "169907004",
        "display" : "Lactating"
      }]
    }]
  }
}